"","x","y","dbh","crown","height","fruiting","genus","species"
"1",1.1,1.3,18.3,3.1,18.13924121851,0,"Shorea","teysmanniana"
"2",1.3,2.6,8.7,0.85,13,0,"Ilex","hypoglauca"
"3",0.3,3.6,7.2,0.85,13,0,"Sandoricum","beccanarium"
"4",3.4,3.2,10.5,2.2325,13,0,"Memecylon","sp. 1"
"5",2.7,7.1,36.4,5.3425,10.080060910052,0,"Campnosperma","coriaceum"
"6",1,7,10.3,1.925,13,0,"Tristaniopsis","sp. 2"
"7",1.9,10,10.2,2.225,15,0,"Callophyllum","cf. lanigerum / sp. 2"
"8",2.3,10,18.8,2.525,17.8201402942395,0,"Madhuca","mottleyana"
"9",4.2,9.6,37.5,3.85,9.63515430442063,0,"Tetramerista","glabra"
"10",4.8,10.3,11.6,1.65,9.31285626506717,0,"Gonystylus","bancanus"
"11",1.9,13.2,33.2,4.5,12.9351091399407,0,"Mesua","sp. 1"
"12",2,14.7,11,1.65,15,0,"Nephelium","lappaceum"
"13",2.1,15.8,8.8,1.65,9,0,"Tetractomia","tetrandra"
"14",3.6,18.1,13,2.175,15,0,"Ilex","hypoglauca"
"15",6.6,19.6,7.6,1.925,13,0,"Tetractomia","tetrandra"
"16",7.2,17.2,24.9,3.8,11.7768347915753,0,"Calophyllum","cf. hosei (cf. fragrans)"
"17",8.2,19.2,10.1,0.875,13,0,"Gymnacranthera","farquhariania"
"18",8.3,16.8,10,1.5,10,0,"Tetractomia","tetrandra"
"19",10,18.9,6.5,1.25,6,0,"Horsfieldia","crassifolia"
"20",11.1,16.6,7.7,1.325,8.5,0,"Isonandra","lanceolata"
"21",11,14.8,14.1,2.85,14,0,"Licania","splendens"
"22",14.5,15.1,8.3,1.075,15,0,"Nephelium","lappaceum"
"23",14.9,18.3,8.2,2.875,10,0,"Licania","splendens"
"24",16.6,15.4,10.9,1.925,12,0,"Maasia (Polyalthia)","hypoleuca"
"25",20,16.4,21.7,3.625,23.2680052906522,0,"Mesua","sp. 1"
"26",6.5,13.1,11.7,2.25,11,0,"Diospyros","areolata (bantamensis)"
"27",7.3,10.2,7.5,1.65,7,0,"Diospyros","areolata (bantamensis)"
"28",6.3,9.2,12.3,2.275,15,0,"Nephelium","lappaceum"
"29",7.1,8.4,15.1,3.525,13,0,"Nephelium","lappaceum"
"30",7.9,7.2,11.5,2.2,14,0,"Tetractomia","tetrandra"
"31",9,9.8,25.7,2.975,18.5,0,"Madhuca","mottleyana"
"32",9.6,10.2,12,2.45,10,0,"Garcinia","bancana"
"33",9.6,9.6,8,0.85,9,0,"Magnolia","bintulensis"
"34",11,11.7,11.1,1.5,15,0,"Gonystylus","bancanus"
"35",13,8,10.6,2.275,15,0,"Nephelium","lappaceum"
"36",11.5,6.5,12.9,2.725,15,0,"Elaeocarpus","mastersii"
"37",10.8,5.5,21.6,2.55,16.8864989212714,0,"Xylopia","fusca"
"38",11.7,1.2,18.8,3.075,12.7996921216367,0,"Mezzetia","parviflora (leptopoda)"
"39",15,4.8,12.4,1.425,14,0,"Horsfieldia","crassifolia"
"40",15,4,10.2,1.275,14,0,"Tetractomia","tetrandra"
"41",13,2.9,8.4,1.775,5.5,0,"Garcinia","sp. 4 parvifolia"
"42",18.2,5.1,11,2.775,13,0,"Madhuca","mottleyana"
"43",19.2,7.8,8.5,1.65,7,0,"Horsfieldia","crassifolia"
"44",19.6,2,12,2.35,8,0,"Ilex","hypoglauca"
"45",17.9,0.6,10,1.425,11,0,"Xylopia","fusca"
"46",19.5,0,11,1.15,13,0,"Diospyros","areolata (bantamensis)"
"47",20.6,4.6,9.8,2.6,15,0,"Palaquium","pseudorostratum"
"48",21.1,5.3,19.8,3.975,7.08861877520599,0,"Mesua","sp. 1"
"49",20.3,5.7,13.6,2.925,10.4489291724392,0,"Stemonurus","cf. scorpiodes"
"50",21.9,11.6,7.3,1.525,8,0,"Tetractomia","tetrandra"
"51",20.9,19,6.6,1.625,8,0,"Calophyllum","cf. hosei (cf. fragrans)"
"52",20.9,19,19.6,1.625,8,0,"Nephelium","lappaceum"
"53",27,17,8.3,1.425,8,0,"Gymnacranthera","farquhariania"
"54",27,15.3,8.7,1.6,13,0,"Santiria","cf. griffithi"
"55",27.8,14.9,6.9,0.675,7,0,"Gymnacranthera","farquhariania"
"56",26.5,13.4,29.5,5.325,15.7869670503452,0,"Sandoricum","beccanarium"
"57",27.2,13,23.1,3.6,8.96092253047998,0,"Blumeodendron","tokbrai (elateriospermum)"
"58",29,12.1,8.4,1.65,11,0,"Tetramerista","glabra"
"59",30.1,9.1,26.7,2.5,21.455822843346,0,"Madhuca","mottleyana"
"60",29.3,7.5,9.8,1.375,12,0,"Neoscortechinia","kingii"
"61",23.9,3.2,10.8,2.3,15,0,"Neoscortechinia","kingii"
"62",26.3,1.6,8.4,0.975,13,0,"Xylopia","cf. malayana"
"63",27.6,2,29.6,3.8,21.9,0,"Stemonurus","cf. scorpiodes"
"64",26.2,0,29.3,2.85,25.8188910116685,0,"Xylopia","coriifolia"
"65",32.2,1.3,12,2.6,13,0,"Tetractomia","tetrandra"
"66",31.7,2.5,8,1.25,7,0,"Palaquium","cochlearifolium"
"67",34.2,2.3,6.7,1.3,11,0,"Nephelium","maingayi"
"68",36.4,3.2,12.1,2.475,15,0,"Mesua","sp. 1"
"69",37.4,3.1,15.1,2.5,17,0,"Palaquium","ridleyii"
"70",39.2,2.4,21,4,17.0811467390601,0,"Palaquium","ridleyii"
"71",37.4,1.3,25.2,2.475,23.7,0,"Koompassia","malaccensis"
"72",37.7,0,41.5,2.125,16.2415523655835,0,"Dyera","polyphylla (lowii)"
"73",34.2,2.7,32,4.7,19.0096749249292,0,"Mesua","sp. 1"
"74",34.8,3.6,19,4.325,22.4177123385695,0,"Neoscortechinia","kingii"
"75",36.8,4.5,26.9,3.125,28.9321291162811,0,"Palaquium","cochlearifolium"
"76",30.4,4.8,8.3,1.25,8,0,"Dyera","polyphylla (lowii)"
"77",28.7,6.8,14.5,1.325,10,0,"Gymnacranthera","farquhariania"
"78",34,5.5,18.3,2.25,10.3767331118987,0,"Blumeodendron","tokbrai (elateriospermum)"
"79",39.4,13.9,9.5,1.725,11,0,"Mesua","sp. 1"
"81",34.5,8.3,26,2.95,11.7768347915753,0,"Dactylocladus","stenostachys"
"82",31.5,10.3,37,3.775,14.2017059221718,0,"Koompassia","malaccensis"
"83",30.7,11.2,6.4,1.775,6,0,"Tetractomia","tetrandra"
"84",31.2,13.2,10.8,1.35,13,0,"Dyera","polyphylla (lowii)"
"85",31.2,16.1,30.7,3.275,26.3527275309737,0,"Litsea","cf. grandis var. rufofusca (cf. rufo-fusca)"
"86",32.6,17.2,19.8,2.3,23.8300202985864,0,"Shorea","teysmanniana"
"87",32.8,16.3,14.3,1.625,15.2940885027313,0,"Shorea","teysmanniana"
"88",33.6,15.1,18.7,2.525,24.5008443370683,0,"Madhuca","mottleyana"
"89",33.4,14,9.7,1.675,14,0,"Tetractomia","tetrandra"
"90",33.6,18,14.6,1.775,21.828828877801,0,"Syzygium","sp. 4"
"91",34.3,19.2,27.5,2.9,15.4294737608008,0,"Blumeodendron","tokbrai (elateriospermum)"
"92",33.3,18.2,12.6,1.875,14,0,"Dipterocarpus","borneensis"
"93",35.4,19.6,8.5,1.5,11,0,"Syzygium","sp. 1 cf. garcinifolia"
"94",37.2,17.4,10.9,2.175,16,0,"Mesua","sp. 1"
"95",36,15.6,8.2,2.025,8,0,"Tetractomia","tetrandra"
"96",36.4,16.2,12,2.35,13,0,"Syzygium","sp. 1 cf. garcinifolia"
"97",36.2,16.4,17.3,2.725,21.2,0,"Sandoricum","beccanarium"
"98",38.9,14.6,17.9,2.8,15,0,"Nephelium","lappaceum"
"99",39.1,11.2,26.2,3.275,21.8413096648997,0,"Sandoricum","beccanarium"
"100",40.4,0.7,6.9,1.4,9,0,"Madhuca","mottleyana"
"101",43,1,8.1,0.875,7,0,"Dyera","polyphylla (lowii)"
"102",44.5,1.7,22.7,3.5,21.1750759620208,0,"Shorea","teysmanniana"
"103",43.8,5.8,18.8,3.3,17.1365077382376,0,"Sandoricum","beccanarium"
"104",43.1,8,6.7,1.775,9,0,"Tetractomia","tetrandra"
"105",43.1,8.3,7.7,1.1,10,0,"Ilex","hypoglauca"
"106",42.6,10,34.7,5.2,23.8,0,"Calophyllum","hosei"
"107",42.6,9.9,7.6,2.025,10,0,"Dipterocarpus","borneensis"
"108",43,10.7,6.8,0.575,14,0,"Diospyros","siamang"
"109",43.5,11.7,7,3.025,12.5,0,"Koompassia","malaccensis"
"110",43.5,12.5,21.6,3.3,19.4085574574122,0,"Neoscortechinia","kingii"
"111",45.9,11.2,13.7,1.55,20.8,0,"Dyera","polyphylla (lowii)"
"112",47.8,8.5,10.8,2.2,10,0,"Tetramerista","glabra"
"113",46.5,13.9,14,2.375,21.2315842644542,0,"Palaquium","pseudorostratum"
"114",43,14.7,13.2,2.75,15.6,0,"Mezzetia","parviflora (leptopoda)"
"115",44.6,1.5,25.2,3.225,21.1288081656929,0,"Diospyros","areolata (bantamensis)"
"116",45.1,16.2,35.9,5.025,32.2769819777084,0,"Koompassia","malaccensis"
"117",45,17.1,18.3,4.725,19.7550214941408,0,"Nephelium","maingayi"
"118",45.5,17.3,14.9,3.625,19.1040153344397,0,"Palaquium","leiocarpum"
"119",45.9,17,8.7,1.65,15,0,"Palaquium","leiocarpum"
"120",45.1,19.5,23.5,2.725,18.3995535591238,0,"Litsea","sp. 1 cf. resinosa"
"121",43.4,19.3,12,2.15,13,0,"Horsfieldia","crassifolia"
"122",49.4,19.6,18,1.975,18.9796099734023,0,"Palaquium","pseudorostratum"
"123",50.4,20,15.7,3.2,15,0,"Garcinia","bancana"
"124",54.6,18.3,8.2,1.875,13,0,"Syzygium","havilandii"
"125",57.5,17.9,10.5,2.2,15,0,"Syzygium","havilandii"
"126",58.5,15.6,19.9,2.375,21.7131477698913,0,"Stemonurus","cf. scorpiodes"
"127",57.9,13.1,17.1,2.8,22.5,0,"Litsea","cf. elliptica"
"128",58,11.9,14.9,2.475,11.6613647377374,0,"Neoscortechinia","kingii"
"129",57.4,9.7,25.5,3.7,24.1781138720135,0,"Mesua","sp. 1"
"130",54.3,11.4,11.3,2.4,15,0,"Syzygium","havilandii"
"131",52.7,11.4,13.6,1.325,16,0,"Syzygium","cf. valevenosum"
"132",52,11.7,9.7,0.75,15,0,"Drepananthus (Cyathocalyx)","biovulatus"
"133",51.8,10.2,10.1,2.175,13,0,"Tetractomia","tetrandra"
"134",53.8,5.8,31.6,3.25,26.3527275309737,0,"Dactylocladus","stenostachys"
"135",53.7,5.4,22.5,4.075,28.5989453618323,0,"Campnosperma","coriaceum"
"136",54.5,5.7,19.4,4.9,18.2,0,"Garcinia","bancana"
"137",54.5,5.2,6.9,2.725,10,0,"Maasia (Polyalthia)","hypoleuca"
"138",56.5,2.7,16.2,2.575,20.0570502141395,0,"Mesua","sp. 1"
"139",59,2,12.9,2.55,15,0,"Stemonurus","cf. scorpiodes"
"140",52.3,0.6,13.6,1.85,15,0,"Elaeocarpus","mastersii"
"143",62.9,3.3,16.2,2.55,22.2850544415279,0,"Shorea","teysmanniana"
"144",64.3,0.9,12.6,3.8,14,0,"Santiria","cf. laevigata"
"145",65.5,0.3,13.2,2.85,13,0,"Garcinia","bancana"
"147",62.5,5,32.9,5.95,25.4368067891674,0,"Mesua","sp. 1"
"148",62,6,8,1.2,11,0,"Dyera","polyphylla (lowii)"
"149",80,6.9,37,3.875,22.7626990332376,0,"Santiria","sp. 1"
"150",62,9.3,21.2,4.75,16.8494465855656,0,"Litsea","sp. 1 cf. resinosa"
"151",80,9.3,6.5,0.825,9,0,"Syzygium","cf. valevenosum"
"152",61.2,10.3,6,1.625,9,0,"Neoscortechinia","kingii"
"153",62,16.2,6,1.275,10,0,"Diospyros","areolata (bantamensis)"
"154",61.2,16.2,17.9,1.95,21.7,0,"Dyera","polyphylla (lowii)"
"155",62.9,16.7,23.2,2.2,22,0,"Xylopia","cf. malayana"
"156",60.7,16,7.9,2.375,10,0,"Diospyros","areolata (bantamensis)"
"157",61.8,16.05,6.6,1.85,11,0,"Calophyllum","cf. hosei (cf. fragrans)"
"158",61.8,16.9,34.7,2.675,21.1,0,"Palaquium","pseudorostratum"
"159",62.5,16,23.3,2.325,16.2,0,"Palaquium","ridleyii"
"160",62.6,15.9,8.8,0.55,7,0,"Dyera","polyphylla (lowii)"
"161",65.1,13.4,10.8,1.5,17,0,"Horsfieldia","crassifolia"
"162",66.3,13.1,14,1.55,17,0,"0","0"
"163",66.2,14,8.5,1.425,12,0,"Licania","splendens"
"164",67.8,13.8,18.8,1,17.5,0,"Madhuca","mottleyana"
"165",68.7,14.2,14.6,1.2,16,0,"Myristica","lowiana"
"166",70.1,16.1,6.8,1.3,11,0,"Diospyros","areolata (bantamensis)"
"167",73.2,15.3,17.7,2.725,12.8,0,"Isonandra","lanceolata"
"168",73.7,15.3,8.4,1.15,11,0,"Memecylon","sp. 1"
"169",79.8,15.6,26.5,5.6,21.4012572937154,0,"Palaquium","ridleyii"
"170",76.5,13,16.4,2.55,16,0,"Memecylon","sp. 1"
"171",79.8,11.4,31.5,3.75,23.9719237058512,0,"Xylopia","fusca"
"172",71.5,3.6,18.2,2.1625,17,0,"Litsea","cf. elliptica"
"173",71,2.2,7.6,1.7,15,0,"Blumeodendron","tokbrai (elateriospermum)"
"174",71.5,1.6,23.6,4.075,17,0,"Elaeocarpus","mastersii"
"175",66.9,4.6,10.7,2.275,16,0,"Palaquium","cochlearifolium"
"176",74.2,3.6,11.2,0.8,12,0,"Horsfieldia","crassifolia"
"177",74.2,3.7,21.7,2.3,16.5634928868164,0,"Tetramerista","glabra"
"178",75.5,5.1,25,2.7,22.4541096560296,0,"Shorea","teysmanniana"
"179",76.3,7.8,9,1.3875,13,0,"Tristaniopsis","sp. 4"
"180",79.6,5.5,22,3.45,16.7,0,"Calophyllum","soulattri"
"181",79.5,5.2,8.1,1.525,10,0,"Stemonurus","cf. scorpiodes"
"182",79.2,1.4,6.2,1.1375,9,0,"Syzygium","sp. 4"
"183",79.6,0,16.6,2.025,19.3,0,"Mesua","sp. 1"
"184",80.5,0.4,6.2,0.4,6,0,"Palaquium","cochlearifolium"
"185",80.4,0.3,7.2,2.475,7.5,0,"Garcinia","sp. 4 parvifolia"
"186",82.2,3.5,26,4.05,19.6245520334292,0,"Mezzetia","parviflora (leptopoda)"
"187",84.1,2.3,7.3,1.35,11,0,"Syzygium","sp. 4"
"188",84.7,1.3,18.8,2.05,18.4275960327994,0,"Stemonurus","cf. scorpiodes"
"189",85.4,0.4,10.4,1.425,10,0,"Dyera","polyphylla (lowii)"
"190",85.4,1.4,7.3,1.15,6,0,"Gymnacranthera","farquhariania"
"191",83.2,7.35,8.2,1.6,11,0,"Licania","splendens"
"192",83.2,7.3,7.1,1.85,11,0,"Maasia (Polyalthia)","hypoleuca"
"193",83,9.2,11.4,2.775,16,0,"Shorea","teysmanniana"
"194",84.3,9,12.7,2.275,16,0,"Diospyros","sp. 1"
"195",84.6,9.3,10,1.6,15,0,"Syzygium","sp. 4"
"196",83.8,10.7,35.4,3.2,26.70066468558,0,"Madhuca","mottleyana"
"197",80,10.7,12.8,2.85,15,0,"Neoscortechinia","kingii"
"198",80.4,16.8,15.8,1.775,15,0,"Tetractomia","tetrandra"
"199",83.3,17.6,16.3,1.5,17,0,"Maasia (Polyalthia)","glauca"
"200",84.5,18.8,14.5,2.7,17,0,"Garcinia","bancana"
"201",86.1,19.6,10.3,1.425,12,0,"Tetramerista","glabra"
"202",88.4,18.5,10.2,1.775,16,0,"Tetractomia","tetrandra"
"203",90.8,18.8,21.5,2.1,16,0,"Tristaniopsis","sp. 4"
"204",92.9,19.2,26,1.875,14,0,"Litsea","sp. 1 cf. resinosa"
"205",93.5,18.9,10,1.925,12,0,"Syzygium","sp. 4"
"206",97.3,17.9,7.4,2.1,10,0,"Garcinia","sp. 4 parvifolia"
"207",97.65,17.3,16,1.925,17,0,"Tetractomia","tetrandra"
"209",97,14.3,20.5,3.575,18,0,"Syzygium","sp. 4"
"211",98.6,12.5,29.5,4.875,33.1348769457281,0,"Koompassia","malaccensis"
"212",86.3,13,8.5,1.3,8,0,"Stemonurus","cf. scorpiodes"
"213",92.1,12.4,28.4,3.7,27.9060230016595,0,"Madhuca","mottleyana"
"214",91.9,12.3,23.4,2.575,21.3866612589015,0,"Palaquium","cochlearifolium"
"215",93.7,12.2,24.6,3.525,24.5,0,"Xylopia","coriifolia"
"216",93.2,11.7,25,3.1,22.5,0,"Mesua","sp. 1"
"217",90.3,10.5,12.2,1.375,16,0,"Memecylon","sp. 1"
"218",90.1,10.4,17.5,1.4,14,0,"Myristica","lowiana"
"219",90.5,9.5,7.7,0.875,10,0,"Neoscortechinia","kingii"
"220",90.8,9.5,13.3,1.925,14,0,"Magnolia","bintulensis"
"221",90.5,8,23.2,2.55,17,0,"Magnolia","bintulensis"
"222",92.6,8,23.7,2.725,21.7590909967014,0,"Syzygium","cf. valevenosum"
"223",90.8,7.3,14.4,2.325,16,0,"Neoscortechinia","kingii"
"224",91.1,7.3,18.4,2.125,12,0,"Tetractomia","tetrandra"
"225",90.8,6,7.1,1,10,0,"Neoscortechinia","kingii"
"226",90.7,5.4,16.5,1.7,20,0,"Diospyros","cf. evena"
"227",89.2,4.4,10,2.6,17,0,"Blumeodendron","tokbrai (elateriospermum)"
"228",88.6,4.9,19.7,2.775,19,0,"Neoscortechinia","kingii"
"229",87.5,3.9,12.8,1.975,17,0,"Vatica","mangachapoi"
"230",88.9,3,8,1.275,6,0,"Aglaia","rubiginosa"
"231",88.7,3.1,7.3,0.975,8,0,"Madhuca","mottleyana"
"232",88.7,2.6,18,2.45,15,0,"Mesua","sp. 1"
"233",90,1.6,12.5,2.95,11,0,"Koompassia","malaccensis"
"234",92.5,4.4,27.8,4.225,25.092111620543,0,"Madhuca","mottleyana"
"235",97,4.6,20.5,2.5,15,0,"Gymnacranthera","farquhariania"
"236",96.3,3.3,8,1.8,13,0,"Elaeocarpus","mastersii"
"237",97.2,2.1,16.6,3.35,16,0,"Litsea","sp. 1 cf. resinosa"
"238",0,20.3,13.8,2.415,15,0,"Mesua","sp. 1"
"239",0.8,21.5,11,2.25,15,0,"Nephelium","maingayi"
"240",4.1,20.9,8.8,1.2,13,0,"Horsfieldia","crassifolia"
"241",5.1,22.6,13.3,1.925,16,0,"Madhuca","mottleyana"
"242",5.1,24.05,13.4,1.75,15,0,"Madhuca","mottleyana"
"243",3.3,31.7,10.7,1.6,9,0,"Tetractomia","tetrandra"
"244",1.8,31.7,14.9,1.875,13,0,"Tetractomia","tetrandra"
"245",0.4,33.9,13.5,2.35,15,0,"Tetractomia","tetrandra"
"246",2.2,33.7,26.3,3.225,17,0,"Campnosperma","squamatum"
"247",2.9,33.1,11,1.85,11,0,"Tetractomia","tetrandra"
"248",2.3,34.1,10.5,1.975,15,0,"Tetractomia","tetrandra"
"249",3.7,35.9,7,2.05,8.5,0,"Tetractomia","tetrandra"
"250",10.8,37,10.5,1.85,15,0,"Nephelium","maingayi"
"251",10.8,37.7,9.7,0.4875,10,0,"Calophyllum","hosei"
"252",10.9,39,20.6,3,25.246519562317,0,"Mesua","sp. 1"
"253",10.3,39.3,8.2,1.75,7.5,0,"Tetractomia","tetrandra"
"254",3.7,36.7,8.5,1.6,9,0,"Tetractomia","tetrandra"
"255",2.6,37.7,22.4,2.075,25.5,0,"Dactylocladus","stenostachys"
"256",1.4,34.7,9.2,1.25,9,0,"Xylopia","coriifolia"
"257",1,39.85,8.4,0.65,6,0,"Horsfieldia","crassifolia"
"258",13.5,39.7,34.5,2.525,26.8079015565825,0,"Shorea","teysmanniana"
"259",14.35,38.4,10,2.05,13,0,"Stemonurus","cf. scorpiodes"
"260",13.7,37.5,9.1,1.775,15,0,"Gonystylus","bancanus"
"261",13.5,36.9,14.7,1.275,17,0,"Syzygium","sp. 4"
"262",14.25,35.2,11.8,1.6875,17,0,"Tetractomia","tetrandra"
"263",15.5,35.95,12.1,2.2375,18,0,"Lithocarpus","conocarpus"
"264",16.9,37.1,9.9,2.125,13,0,"Tetractomia","tetrandra"
"265",18.6,36.7,18.5,3.45,20.4627599809399,0,"Neoscortechinia","kingii"
"266",18.6,36.4,23.5,3.375,22.1259405397773,0,"Memecylon","sp. 1"
"267",13.7,35.8,26.3,2.7,36.8730153561092,0,"Mezzetia","parviflora (leptopoda)"
"268",20,34.5,25.2,4.475,22.7283714327067,0,"Shorea","teysmanniana"
"269",17.5,29.4,34,4.65,26.0251467654205,0,"Xylopia","fusca"
"270",45.4,32.8,22.2,3.675,22.8782984763482,0,"Stemonurus","cf. scorpiodes"
"271",14.4,35.3,8.6,0.175,8,0,"Gymnacranthera","farquhariania"
"272",16.6,35.45,8.6,0.95,10,0,"Shorea","teysmanniana"
"273",15.1,37.5,9.2,0.35,17,0,"Diospyros","cf. evena"
"274",16.9,37.5,13.5,2.725,17,0,"Elaeocarpus","mastersii"
"275",17.5,33.1,9.2,1.35,17,0,"Tetractomia","tetrandra"
"276",18.7,32.4,7.1,2.3,11,0,"Nephelium","maingayi"
"277",19.3,34.1,7.1,1.275,9,0,"Tetractomia","tetrandra"
"278",19.9,34.9,6,1.2,8.5,0,"Xerospermum","laevigatum / noronhianum"
"279",18.4,34.5,6.5,1.3,9,0,"Tetractomia","tetrandra"
"280",18.6,30.6,14.7,3.5,16,0,"Elaeocarpus","mastersii"
"281",16,32.7,10.5,1.525,15.5,0,"Calophyllum","hosei"
"282",15,32.3,7.6,0.85,7.5,0,"Memecylon","sp. 1"
"283",11.6,31.5,19,1.325,17,0,"Palaquium","pseudorostratum"
"284",11.15,30.9,16.6,3.9,15,0,"Elaeocarpus","mastersii"
"285",8.45,28.9,13,2.475,18,0,"Xylopia","fusca"
"286",7.35,31.8,10.2,1.55,16,0,"Mezzetia","parviflora (leptopoda)"
"287",4.1,26.6,10.7,1.95,13,0,"Madhuca","mottleyana"
"288",6.2,22.3,27,3.175,17,0,"Neoscortechinia","kingii"
"289",5,21.7,30,3.875,18,0,"Palaquium","ridleyii"
"290",3.6,20.8,8.6,1.4,9,0,"Horsfieldia","crassifolia"
"291",4.8,20.8,8.1,1.975,10,0,"Lithocarpus","conocarpus"
"292",12.1,20.8,8.7,0.775,15,0,"Sandoricum","beccanarium"
"293",14.65,22.55,8.4,1.725,13,0,"Litsea","cf. elliptica"
"294",14.3,21.5,16.9,2.275,22.4,0,"Xylopia","fusca"
"295",15.5,24.4,8.2,1.7,11,0,"Tetractomia","tetrandra"
"296",18.9,23.2,21,2.95,22.8319244640857,0,"Xylopia","fusca"
"297",20,22.7,7.2,0.5,6,0,"Mezzetia","umbellata"
"298",22.4,22.3,35.5,2.8,31.0973763966812,0,"Parartocarpus","venenosus"
"299",21.2,23.9,19.3,2.325,29.6,0,"Xylopia","fusca"
"300",20.8,26,10.3,2.275,12,0,"Maasia (Polyalthia)","hypoleuca"
"301",21,27.3,6.1,0.9,8,0,"Syzygium","sp. 4"
"302",20.5,27.9,8.6,1.175,10,0,"Memecylon","sp. 1"
"303",21.1,26.8,9.8,1.225,10,0,"Syzygium","sp. 4"
"304",21.2,27.2,14.8,2.475,24.1269797815208,0,"Vatica","mangachapoi"
"305",21.6,27.2,14.9,2.5,21.8760331484293,0,"Neoscortechinia","kingii"
"306",21,29.3,8.5,2.55,10,0,"Elaeocarpus","mastersii"
"307",20.2,27.7,9.3,1.9,13,0,"Santiria","cf. laevigata"
"308",21.5,29.9,6.9,2.675,8,0,"Maasia (Polyalthia)","hypoleuca"
"309",22.3,34.5,18,2.25,17,0,"Gymnacranthera","farquhariania"
"310",20.5,35.7,25.6,3.25,30.1841896919988,0,"Litsea","sp. 1 cf. resinosa"
"312",21.8,37.4,31,5.525,30.2394814286615,0,"Lithocarpus","conocarpus"
"313",22.3,37.2,9,2.075,12,0,"Maasia (Polyalthia)","hypoleuca"
"314",23.9,38,14.6,2.1,15,0,"Stemonurus","cf. scorpiodes"
"315",24.5,38.1,8.2,1.125,15,0,"Santiria","cf. laevigata"
"316",24.7,38.1,7.3,1.625,11,0,"Memecylon","sp. 1"
"317",24.95,37,7,1.7,11,0,"Nephelium","maingayi"
"318",24.95,36.2,21.4,2.95,23.2635350745747,0,"Palaquium","pseudorostratum"
"319",28,34,9.6,2.85,16,0,"Elaeocarpus","mastersii"
"320",26.7,33,11.3,2.75,11,0,"Elaeocarpus","mastersii"
"321",27.4,27.1,10,1.925,13,0,"Memecylon","sp. 1"
"322",27.6,22.3,9.4,0.925,8,0,"Horsfieldia","crassifolia"
"323",29.7,36,10.5,0.9,17,0,"Isonandra","lanceolata"
"324",31.6,39.3,18.5,3,17,0,"Memecylon","sp. 1"
"325",32.75,37.7,8.4,1.8,15,0,"Tetractomia","tetrandra"
"326",34.1,35.7,29.5,3.55,29.009195041061,0,"Madhuca","mottleyana"
"328",39.2,36.6,8.6,1.55,13,0,"Stemonurus","cf. scorpiodes"
"329",38,35.2,8,0.6,8,0,"Gymnacranthera","farquhariania"
"330",37.4,34.6,11.3,1.7,8,0,"Mesua","sp. 1"
"331",40,33.7,47,4.55,26.2534391197298,0,"Diospyros","areolata (bantamensis)"
"332",38.1,33.2,19.7,2.3,30.1,0,"Calophyllum","hosei"
"333",39.6,32.8,7.3,1.125,6.5,0,"Neoscortechinia","kingii"
"334",37.4,30.5,9.2,1.975,7,0,"Campnosperma","coriaceum"
"335",33.2,31,30.4,4.45,20.8137754961415,0,"Neoscortechinia","kingii"
"336",32.4,31.7,10.7,1.975,15,0,"Blumeodendron","tokbrai (elateriospermum)"
"337",28.5,29.7,9.8,2.25,12,0,"Mesua","sp. 1"
"338",29.55,30,9,2.025,12.5,0,"Elaeocarpus","mastersii"
"339",31,29.4,7.5,1.275,12,0,"Tetractomia","tetrandra"
"340",31.6,28.1,16.3,2.675,15,0,"Garcinia","bancana"
"341",33.5,27.2,27,3.7,21.2693198261184,0,"Isonandra","lanceolata"
"342",35.75,30.2,8,1.85,11,0,"Mesua","sp. 1"
"343",35.4,26.3,10.4,1.75,17,0,"Tetractomia","tetrandra"
"344",39.35,26.9,14.8,3.225,13,0,"Gymnacranthera","farquhariania"
"345",40,24.2,10.9,2.1,17,0,"Tetractomia","tetrandra"
"346",37.4,24.4,12.3,1.525,15,0,"Memecylon","sp. 1"
"347",37,22.5,9.1,1.1,17,0,"Drepananthus (Cyathocalyx)","biovulatus"
"348",37,21.15,17,2.05,18,0,"Madhuca","mottleyana"
"349",34.5,23.3,6.6,1.575,10,0,"Xylopia","cf. malayana"
"350",35,21.1,6,2.1,9,0,"Xylopia","cf. malayana"
"351",32.7,20.7,10,1.2,17,0,"Vatica","mangachapoi"
"353",30.7,21.7,16.2,2.725,14,0,"Memecylon","sp. 1"
"354",30.2,20.7,6.9,0.45,6,0,"Parartocarpus","venenosus"
"355",31.15,23.6,6.5,1.1,11,0,"Litsea","cf. elliptica"
"356",30.7,25.3,15,2.45,16,0,"Calophyllum","hosei"
"357",30.4,25.4,11,1.95,10,0,"Dactylocladus","stenostachys"
"358",28.2,27,26.5,3.775,18.785452402252,0,"Neoscortechinia","kingii"
"359",41.4,20.35,12.3,2.075,17,0,"Mesua","sp. 1"
"360",41.8,20.55,67,4.4,35.172377494775,0,"Combretocarpus","rotundatus"
"361",44.64,21.9,21.5,1.9375,20.5211401749564,0,"Aglaia","rubiginosa"
"362",46.84,21.6,24,2.85,22.0160808695445,0,"Xylopia","coriifolia"
"363",47.04,22.45,8,1.7275,11,0,"Litsea","sp. 1 cf. resinosa"
"364",48.14,23.6,9.5,2.875,12,0,"Elaeocarpus","mastersii"
"365",46.94,25.6,9.5,1.45,8,0,"Gymnacranthera","farquhariania"
"366",46.54,26.7,24,2.9,20.4489463767632,0,"Memecylon","sp. 1"
"367",43,27.5,24,3.15,23.8052691685134,0,"Calophyllum","sclerophyllum"
"368",42.7,27.7,49,4.825,24.0454340510326,0,"Vatica","mangachapoi"
"369",40.65,25.4,7,1.475,11,0,"Diospyros","areolata (bantamensis)"
"370",40.2,27,10,1.65,13,0,"Diospyros","areolata (bantamensis)"
"371",41.65,23.65,16,1.8,18,0,"Xylopia","cf. malayana"
"372",43.25,29.3,13,2.0875,11,0,"Neoscortechinia","kingii"
"373",44.2,30.6,32.5,2.625,27.51007850376,0,"Palaquium","ridleyii"
"374",44.85,30.2,21.5,2.375,18.1980826604279,0,"Calophyllum","hosei"
"375",46.85,29.9,6.8,1.2125,6,0,"Gonystylus","bancanus"
"376",44.6,29.7,7,1.35,12,0,"Madhuca","mottleyana"
"377",42,30.6,10.5,1.225,14,0,"Horsfieldia","crassifolia"
"378",43.7,33.5,20.5,3.375,19,0,"Neoscortechinia","kingii"
"379",45.3,32,10.5,1.375,11,0,"Myristica","lowiana"
"380",45.75,32.15,7.8,1.275,7.5,0,"Tetractomia","tetrandra"
"381",45.45,33.9,18.2,2.4,18,0,"Calophyllum","hosei"
"382",45.9,34.2,14.3,2.725,14,0,"Mesua","sp. 1"
"383",46.1,35.8,10.5,1.325,15,0,"Ilex","hypoglauca"
"384",46.25,37.9,19.8,2.1,17,0,"Mesua","sp. 1"
"385",45.6,37.6,15.4,1.925,15,0,"Gymnacranthera","farquhariania"
"386",44.4,39.2,7.7,1.68,10,0,"Horsfieldia","crassifolia"
"387",45.3,40,52.3,2.65,18,0,"Calophyllum","hosei"
"388",41.2,39.75,10.2,1.715,10,0,"Microcos (Grewia)","sp. 1"
"389",41.4,39.75,10.5,1.35,14,0,"Nephelium","maingayi"
"390",41.8,36.3,8.4,1.325,9.5,0,"Tetractomia","tetrandra"
"391",42.4,36,9.7,1.7675,15,0,"Syzygium","sp. 4"
"392",43.6,36.1,29.7,2.625,24.8,0,"Diospyros","areolata (bantamensis)"
"393",42.9,35.5,9.9,1.715,13,0,"Gymnacranthera","farquhariania"
"394",40,35.3,34.1,2.5,27.0440878410714,0,"Shorea","teysmanniana"
"395",49.1,32.7,8.9,1.2375,8,0,"Tetractomia","tetrandra"
"396",50.8,33.9,10,2.2575,8,0,"Isonandra","lanceolata"
"397",53.5,33.6,12.3,1.85,10,0,"Tetractomia","tetrandra"
"398",52.4,36.2,10.5,1.0225,8,0,"Tetractomia","tetrandra"
"399",54.5,32.1,7.5,0.7,6,0,"Magnolia","bintulensis"
"400",57.3,32.8,15.7,2.45,13,0,"Elaeocarpus","mastersii"
"401",56.4,31.4,14.9,0.925,13,0,"Horsfieldia","crassifolia"
"402",56.6,29.5,12.7,2.175,14,0,"Stemonurus","cf. scorpiodes"
"403",57.4,29.4,13.8,2.7875,14,0,"Nephelium","maingayi"
"404",54.85,29.5,9.6,0.85,8,0,"Horsfieldia","crassifolia"
"405",52.7,27,10.3,2.225,9,0,"Litsea","sp. 1 cf. resinosa"
"406",50.7,27.3,11.9,1.225,17,0,"Sandoricum","beccanarium"
"407",51.6,21.5,14.3,2.55,17,0,"Madhuca","mottleyana"
"408",50.7,24.9,9.5,2.075,15.5,0,"Shorea","teysmanniana"
"409",50.2,22.7,10.6,1.825,15.5,0,"Tetractomia","tetrandra"
"410",55.6,25.1,21.7,4.24,17,0,"Neoscortechinia","kingii"
"411",54.9,23.6,13.4,1.7825,17,0,"Santiria","cf. laevigata"
"412",54.6,23,7.3,0.65,9,0,"Ternstroemia","magnifica"
"413",57,23.1,26,4.175,19,0,"Shorea","teysmanniana"
"414",57.2,23.1,14.3,4.27,16,0,"Elaeocarpus","mastersii"
"415",54.6,20.7,7.6,0.6875,8,0,"Madhuca","mottleyana"
"416",58.1,22.3,10.8,1.65,10,0,"Horsfieldia","crassifolia"
"417",61.4,24.2,11.7,2.675,11,0,"Litsea","cf. elliptica"
"418",61.8,25.4,7.3,1.835,8,0,"Stemonurus","cf. scorpiodes"
"419",61.9,25.83,7.2,1.975,12,0,"Syzygium","sp. 4"
"420",63.5,25.5,26,4.3,19,0,"Calophyllum","sclerophyllum"
"421",63.3,24.9,6.7,1.46,9,0,"Gonystylus","bancanus"
"422",65.2,23.65,13.7,3.15,10,0,"Elaeocarpus","mastersii"
"423",65.3,21.4,8.3,0.6,8,0,"Gymnacranthera","farquhariania"
"424",65.3,27.6,6.6,1.025,8,0,"Gymnacranthera","farquhariania"
"425",67.6,27.15,12.2,1.7,18,0,"Ilex","hypoglauca"
"426",67.6,27.6,15.9,1.575,16,0,"Tetractomia","tetrandra"
"427",62.25,27.9,5.9,1.625,9,0,"Stemonurus","cf. scorpiodes"
"428",63.1,25,8.6,1.45,11,0,"Gonystylus","bancanus"
"429",65.7,29.6,10.2,1.6,12,0,"Gonystylus","bancanus"
"430",66.7,31.4,22.3,2.975,22.0153318950286,0,"Shorea","teysmanniana"
"431",66.2,32.8,11.3,1.825,12,0,"Syzygium","sp. 4"
"432",63.8,33.6,24.2,3.875,18,0,"Tetractomia","tetrandra"
"433",61.7,34.8,17.8,2.95,15,0,"Syzygium","sp. 1 cf. garcinifolia"
"434",65.5,36.6,8.7,1.575,11,0,"Gymnacranthera","farquhariania"
"435",64.6,36.8,7.7,1.125,10,0,"Palaquium","ridleyii"
"436",62.4,38.6,9.8,0.95,8,0,"Litsea","sp. 1 cf. resinosa"
"437",62.4,37.6,9.2,1.825,17,0,"Koompassia","malaccensis"
"438",61.1,37.7,7.4,0.7,3.5,0,"Gonystylus","bancanus"
"439",63.15,39.1,6.3,1.75,9,0,"Xylopia","cf. malayana"
"440",68.5,27.9,10.9,1.9,16,0,"Syzygium","sp. 4"
"441",69.5,36.9,12.3,1.815,16,0,"Diospyros","areolata (bantamensis)"
"442",70.5,36.8,16.2,2.825,17,0,"Garcinia","bancana"
"443",68.6,39,8.8,1.15,9,0,"Syzygium","sp. 4"
"444",70.6,39.1,17.5,1.8375,16,0,"Syzygium","sp. 4"
"445",71.7,38.1,7.5,1.775,14,0,"Campnosperma","squamatum"
"446",70.4,35.9,18.3,2.225,19,0,"Shorea","teysmanniana"
"447",71.4,36.2,15,2.225,17,0,"Xylopia","cf. malayana"
"448",73.5,37.1,12.8,2.875,14,0,"Elaeocarpus","mastersii"
"449",75.1,36.5,11.6,2.2425,17,0,"Blumeodendron","tokbrai (elateriospermum)"
"450",75.6,35.4,12.9,2.275,17,0,"Mesua","sp. 1"
"451",79.87,36.7,12.7,2.1,13,0,"Tetractomia","tetrandra"
"452",79.5,36.6,11.2,2.05,17,0,"Nephelium","maingayi"
"453",79.45,36.4,6.4,1.125,8,0,"Gymnacranthera","farquhariania"
"454",76.7,34,7.1,1.875,12,0,"Tetractomia","tetrandra"
"455",78.5,34,20.2,2.35,19.2,0,"Calophyllum","sclerophyllum"
"456",78.9,29.35,12.5,2.1375,13,0,"Campnosperma","coriaceum"
"457",79,31.8,6.9,1.375,13,0,"Xylopia","cf. malayana"
"458",75.4,31.35,7.1,1.725,16,0,"Nephelium","maingayi"
"459",75.4,31.2,19.5,4.2,17.7072727973611,0,"Campnosperma","squamatum"
"460",75.3,31.25,21.2,3.7,21.4910252669255,0,"Mesua","sp. 1"
"461",74.3,33.4,15,3.7,17,0,"Elaeocarpus","mastersii"
"462",70.1,31.8,33.4,2.95,30.694986075649,0,"Palaquium","leiocarpum"
"463",68.6,31.5,26.3,4.025,19.5907926710706,0,"Xylopia","fusca"
"464",68.6,31.35,10.7,1.55,17,0,"Shorea","teysmanniana"
"465",68.4,32.8,15,2.505,18,0,"Shorea","teysmanniana"
"466",69.8,29,12.6,1.95,12,0,"Combretocarpus","rotundatus"
"467",73,29.5,6.1,2.025,6,0,"Tetractomia","tetrandra"
"468",69.2,23,31.2,3.225,32.0418441578028,0,"Diospyros","areolata (bantamensis)"
"469",69.2,22.7,7,1.7,8,0,"Palaquium","cochlearifolium"
"470",70.7,24.6,17.6,2.825,18,0,"Elaeocarpus","mastersii"
"471",73.6,24,14.7,2.35,14,0,"Litsea","sp. 1 cf. resinosa"
"472",73.1,22,6.8,0.95,6.5,0,"Magnolia","bintulensis"
"473",74.9,25.45,7.8,1.675,7,0,"Nephelium","maingayi"
"474",76.7,26.1,6.5,1.35,6,0,"Mesua","sp. 1"
"475",76.6,25.95,10.6,1.075,8,0,"Palaquium","ridleyii"
"476",62.35,23.6,13.2,3.675,10,0,"Elaeocarpus","mastersii"
"477",82.8,20.75,7,1.625,10,0,"Palaquium","cochlearifolium"
"478",87.05,20.27,7.4,0.95,9,0,"Sandoricum","beccanarium"
"479",86.25,22.9,12,1.875,9,0,"Campnosperma","squamatum"
"480",86.55,23.2,10.2,2.225,10,0,"Syzygium","sp. 1 cf. garcinifolia"
"481",86.75,23.9,12.3,2.4,13,0,"Litsea","sp. 1 cf. resinosa"
"482",87.45,24.7,40.7,4.65,26,0,"Shorea","teysmanniana"
"483",86.15,26.8,7.9,1.725,11,0,"Tetractomia","tetrandra"
"484",83.25,26.7,10.4,3.3125,18,0,"Palaquium","pseudorostratum"
"485",82.65,26,7.8,0.125,7.5,0,"Dyera","polyphylla (lowii)"
"486",81.75,25.2,17.1,2.6775,13,0,"Mesua","sp. 1"
"487",80.8,23.4,14.1,2.1,17,0,"Mesua","sp. 1"
"488",80.45,23.2,17.8,2.9625,14,0,"Syzygium","sp. 1 cf. garcinifolia"
"489",80.2,27.8,6.3,1.25,11,0,"Syzygium","sp. 5 cf. zeylanicum"
"490",81.5,28.6,14,2.0625,10,0,"Gonystylus","bancanus"
"491",82.95,30.5,11,2.5025,17,0,"Tetractomia","tetrandra"
"492",81.45,33.3,14.4,2.0125,17,0,"Tetractomia","tetrandra"
"493",81.37,37.3,8.2,1.3125,7.5,0,"Gymnacranthera","farquhariania"
"494",82.75,34.7,7.5,1.65,11,0,"Syzygium","sp. 4"
"495",83.9,39.8,14.5,2.525,17,0,"Horsfieldia","crassifolia"
"496",86.8,39.2,14,2.825,16,0,"Horsfieldia","crassifolia"
"497",86.55,39.5,6.3,1.2825,8,0,"Licania","splendens"
"498",85.15,37.9,8.7,1.85,8,0,"Gonystylus","bancanus"
"499",86.9,34.15,15.3,2.5375,18,0,"Palaquium","pseudorostratum"
"500",86.5,34.5,15.4,2.0875,16,0,"Gymnacranthera","farquhariania"
"501",88.7,20,14,2.35,10,0,"Litsea","sp. 1 cf. resinosa"
"502",88.7,20.95,6.6,1.4125,8,0,"Palaquium","pseudorostratum"
"503",89.6,21.59,13.5,2.4,13,0,"Palaquium","cochlearifolium"
"504",88.3,24.2,16.2,2.3875,13,0,"Ternstroemia","magnifica"
"505",90.9,25,8,1.6375,12,0,"Tetractomia","tetrandra"
"506",91.6,25,12.5,1.9875,13.5,0,"Santiria","cf. laevigata"
"507",92.7,20.65,31.1,3.85,7.3,0,"Koompassia","malaccensis"
"508",94.6,21.95,17.7,3.0875,18,0,"Myristica","lowiana"
"509",95,22.35,12.5,2.625,16,0,"Campnosperma","squamatum"
"510",96.7,24.75,7.6,1.3375,9,0,"Madhuca","mottleyana"
"511",97.35,24.25,9.6,1.5125,7.5,0,"Magnolia","bintulensis"
"513",98.55,27.6,18.7,3.3375,14,0,"Neoscortechinia","kingii"
"514",98.55,28.5,19.6,1.9875,16,0,"Shorea","teysmanniana"
"518",97,27.8,6.1,0.8125,8,0,"Litsea","sp. 1 cf. resinosa"
"519",96.5,29.55,9,1.25,10,0,"Baccaurea","bracteata"
"520",94.4,29.55,17.9,2.1625,18,0,"Palaquium","pseudorostratum"
"521",94.2,27.85,6,1.8,7.5,0,"Litsea","sp. 1 cf. resinosa"
"522",91.6,30.9,20.3,2.4375,18,0,"Vatica","mangachapoi"
"523",91.8,31.9,29.7,3.975,20,0,"Diospyros","areolata (bantamensis)"
"524",92.8,31.65,9.6,1.7625,9.5,0,"Gymnacranthera","farquhariania"
"525",93.9,32,9.3,1.1375,11,0,"Mesua","sp. 1"
"526",88.85,30.65,8.6,1.55,11,0,"Palaquium","cochlearifolium"
"527",88.1,32.8,10.4,2.225,12,0,"Gonystylus","bancanus"
"528",88.8,34.5,14,1.675,17,0,"Isonandra","lanceolata"
"529",87.95,35.4,38.9,4.45,18,0,"Palaquium","ridleyii"
"530",87.7,35.5,14.6,2.875,17,0,"Santiria","cf. griffithi"
"531",89.55,33.7,6.6,1.75,8,0,"Garcinia","sp. 11"
"532",89.8,33.9,6.6,1.225,10,0,"Syzygium","sp. 4"
"533",3.8,40.42,13.8,1.8,12.5,0,"Palaquium","cochlearifolium"
"534",2.9,41.4,13,3.75,13,0,"Mesua","sp. 1"
"535",2.9,43.1,6.7,1.2,6,0,"Xylopia","fusca"
"536",1.07,43.27,6.8,1.075,5,0,"Mezzetia","umbellata"
"537",3.5,40.7,7.1,1.075,9,0,"Xerospermum","laevigatum / noronhianum"
"538",0.7,46.2,10.8,2.5,11,0,"Elaeocarpus","mastersii"
"539",0.5,46.4,13,2.425,13.5,0,"Blumeodendron","tokbrai (elateriospermum)"
"540",0,52.1,12,2.2,11,0,"Elaeocarpus","mastersii"
"541",1.6,53,13,2.775,15,0,"Litsea","cf. elliptica"
"542",1.3,56.1,7.5,1.55,8.5,0,"Maasia (Polyalthia)","hypoleuca"
"543",1.9,59.8,10.3,1.55,10.5,0,"Elaeocarpus","mastersii"
"544",5.9,58.9,8.7,1.075,5,0,"Myristica","lowiana"
"545",5.3,59.5,10.6,2.9,11.5,0,"Maasia (Polyalthia)","hypoleuca"
"546",7.6,56.6,7.6,1.075,9,0,"Dipterocarpus","borneensis"
"547",9.6,58.9,6,0.7,7.5,0,"Garcinia","bancana"
"548",9.2,57.6,14.1,2.4,17.5,0,"Calophyllum","hosei"
"549",7.9,54.6,6.9,2.075,7.5,0,"Elaeocarpus","mastersii"
"550",6.9,52.6,18.6,4.625,15.5,0,"Elaeocarpus","mastersii"
"551",5.8,54.8,11.7,1.7,12.5,0,"Nephelium","lappaceum"
"552",4.2,53.6,6.3,1.325,5.5,0,"Garcinia","sp. 4 parvifolia"
"553",2.8,44.5,46.3,6.175,29.5062094259639,0,"Calophyllum","sclerophyllum"
"554",3,46.1,19.9,3.475,16.5,0,"Campnosperma","coriaceum"
"555",4,44.5,18,2.875,16,0,"Tristaniopsis","sp. 4"
"556",5.1,46.7,10.8,2.125,11,0,"Mesua","sp. 1"
"557",6.8,41.3,41.3,4.925,29.4593184723454,0,"Shorea","teysmanniana"
"558",1.9,50,10.8,1.975,12,0,"Palaquium","pseudorostratum"
"559",8.4,44.8,9.3,0.875,8,0,"Tetractomia","tetrandra"
"560",9,43.4,33.2,3.075,27.0440878410714,0,"Shorea","teysmanniana"
"561",13.7,41.3,9.6,2.825,9.5,0,"Maasia (Polyalthia)","hypoleuca"
"562",14.8,41.3,10.6,2.55,7.5,0,"Xylopia","cf. malayana"
"563",20,43.7,30.3,4.75,21.0924053026726,0,"Diospyros","areolata (bantamensis)"
"564",20,44.8,34.6,6.025,26.6079081449839,0,"Palaquium","leiocarpum"
"565",17.3,47.2,32.7,5.325,27.2368490405924,0,"Madhuca","mottleyana"
"567",17.5,47.7,24.6,3.55,25.5,0,"Campnosperma","coriaceum"
"568",18.9,48.2,15.7,1.95,17.5,0,"Madhuca","mottleyana"
"569",18.1,50.2,11,1.775,12.5,0,"Blumeodendron","tokbrai (elateriospermum)"
"570",18.8,51.5,10.6,2.175,11,0,"Nephelium","lappaceum"
"571",16.8,50.6,16.3,2.425,14,0,"Palaquium","cochlearifolium"
"572",16.2,50.3,6.3,1.15,5.5,0,"Gymnacranthera","farquhariania"
"573",14.1,50.3,8.5,2.225,8.5,0,"Lithocarpus","conocarpus"
"574",14.6,52.5,12.9,2.425,15.5,0,"Sandoricum","beccanarium"
"575",14.4,52.1,6.6,1.25,7.5,0,"Tetractomia","tetrandra"
"576",16.1,52,9.6,1.9,11,0,"Tetractomia","tetrandra"
"577",13.6,52.6,8.5,1.025,10,0,"Lithocarpus","conocarpus"
"578",14,52.8,9.6,1.2,10.5,0,"Madhuca","mottleyana"
"579",14,55.9,7.7,0.8,9.5,0,"Dactylocladus","stenostachys"
"580",13.8,57.8,13.8,3.1,12.5,0,"Elaeocarpus","mastersii"
"581",15.2,55.9,8.8,0.425,11.5,0,"Palaquium","cochlearifolium"
"582",14.2,53.3,18.4,2.125,17.5,0,"Stemonurus","cf. scorpiodes"
"583",16.8,53.1,8.7,1.3,10.5,0,"Madhuca","mottleyana"
"584",19.5,53.5,11.7,2.25,13,0,"Tetractomia","tetrandra"
"585",18.7,58.6,44.7,5.325,30.375925385559,0,"Koompassia","malaccensis"
"586",15.6,58.6,30.6,3.2,27.5,0,"Madhuca","mottleyana"
"587",16.3,58.6,9.3,1.075,13.5,0,"Ilex","hypoglauca"
"588",18,58.5,12.3,1.8,11.5,0,"Madhuca","mottleyana"
"589",13,59.1,17.6,3.15,15,0,"Elaeocarpus","mastersii"
"590",20,40.85,15.2,2.1,13,0,"Stemonurus","cf. scorpiodes"
"591",21.2,41.5,8.6,1.3125,13,0,"Tetractomia","tetrandra"
"592",20.3,42.6,6.3,0.9625,14,0,"Tetractomia","tetrandra"
"593",21.7,42.5,31,4.95,25.2158964926248,0,"Syzygium","sp. 4"
"594",22.5,42.9,13,1.0625,16,0,"Tetractomia","tetrandra"
"595",22.75,41.3,11,2.05,15,0,"Syzygium","sp. 4"
"596",26.9,44,24.5,3.4,28.1736009145702,0,"Neoscortechinia","kingii"
"597",23.6,43.35,8.4,0.9,12,0,"Diospyros","sp. 1"
"598",22.3,43.95,15,2.95,14,0,"Calophyllum","soulattri"
"599",21.8,47.95,11.7,1.375,6.5,0,"Neoscortechinia","kingii"
"600",21,44.35,21.8,1.925,19.6840441796844,0,"Palaquium","cochlearifolium"
"601",23.3,45.95,14,1.85,20.7608638365046,0,"Calophyllum","cf. hosei (cf. fragrans)"
"602",23.5,43.85,27.5,2.375,22.0035002130533,0,"Campnosperma","coriaceum"
"603",24.8,46.65,9.3,2.35,12,0,"Lithocarpus","sp. 1 cf. dasystachys"
"604",24.5,49.65,11.3,1.8375,12,0,"Calophyllum","soulattri"
"605",26,50.9,8.5,1.2875,8,0,"Tetractomia","tetrandra"
"606",25.6,52.2,9.9,1.3,17,0,"Litsea","cf. grandis var. rufofusca (cf. rufo-fusca)"
"607",25.2,53.7,10.3,1.775,11,0,"Memecylon","sp. 1"
"608",25.05,54.3,6.4,1.25,11,0,"Santiria","sp. 1"
"609",22.9,55.4,36.3,2.45,21.485735056158,0,"Dactylocladus","stenostachys"
"610",21.4,55.6,15.7,3.05,17,0,"Maasia (Polyalthia)","hypoleuca"
"611",21,55.6,10.3,2.35,15,0,"Tetractomia","tetrandra"
"612",20.2,54.5,15.6,1.275,21.3821820247789,0,"Vatica","mangachapoi"
"613",20.8,56.6,6.3,0,4.5,0,"Garcinia","sp. 3"
"614",27,58.8,8.4,1.6375,16,0,"Xylopia","fusca"
"615",29.5,57.5,6.1,0.9625,16,0,"Lithocarpus","sp. 1 cf. dasystachys"
"616",29.5,54.4,9.1,1.85,11,0,"Nephelium","maingayi"
"617",35.6,56.9,15.7,2.75,13,0,"Elaeocarpus","mastersii"
"618",37.3,58.7,13.5,1.05,9,0,"Myristica","lowiana"
"619",31.5,57.1,8.2,1.05,9,0,"Neoscortechinia","kingii"
"620",37.4,55.5,23.4,3.7,17,0,"Diospyros","areolata (bantamensis)"
"621",33.7,54.3,6.7,1.7125,7,0,"Mesua","sp. 1"
"622",32.3,53.4,7.1,0.99,15,0,"Syzygium","sp. 4"
"623",31.6,52.1,7.1,0.425,15,0,"Diospyros","cf. evena"
"624",33.9,52.6,18.8,1.5625,15,0,"Palaquium","cochlearifolium"
"625",35.2,53.6,34.3,5.2,19,0,"Syzygium","sp. 4"
"626",36.1,53.6,22.9,3.625,17,0,"Neoscortechinia","kingii"
"627",38.2,51.3,8.8,1.45,10,0,"Syzygium","sp. 5 cf. zeylanicum"
"628",39.8,48.7,8.7,1.0625,12,0,"Dyera","polyphylla (lowii)"
"629",36.7,49.1,6.5,0.9,9,0,"Knema","intermedia"
"630",34.35,49.5,7.9,1.1,8,0,"Ternstroemia","magnifica"
"631",32.3,49.8,11.9,2.2,19,0,"Tetractomia","tetrandra"
"632",31.95,50.5,7.8,1.7875,14,0,"Lithocarpus","sp. 1 cf. dasystachys"
"633",31.6,49.2,10.9,1.4125,18,0,"Xylopia","fusca"
"634",33.65,49.45,10.2,1.2875,13,0,"Shorea","teysmanniana"
"635",33.45,47.3,7.8,1.2625,7,0,"Gonystylus","bancanus"
"636",36.4,47.8,21.7,2.8,23.9710078092554,0,"Palaquium","cochlearifolium"
"637",37.1,47.1,27.4,3.95,29.8534675617062,0,"Mesua","sp. 1"
"638",39,47,6.3,1.65,6.5,0,"Tetractomia","tetrandra"
"639",36.65,47.3,6.7,1.15,7,0,"Tetractomia","tetrandra"
"640",39.1,44.95,19.8,2.2,20.8137754961415,0,"Neoscortechinia","kingii"
"641",38.15,43.8,17,2.65,28.0641710650936,0,"Palaquium","cochlearifolium"
"642",38.6,42.9,12,0.975,16,0,"Madhuca","mottleyana"
"643",36.25,45.15,9.7,1.2625,12,0,"Madhuca","mottleyana"
"644",33.1,45.7,9.1,0.925,10,0,"Dyera","polyphylla (lowii)"
"645",32.9,45,12.1,2.475,12,0,"Tetractomia","tetrandra"
"646",29.5,44.8,11.1,2.1,12,0,"Garcinia","bancana"
"647",32.9,43.1,34.6,5.275,34.761083218395,0,"Calophyllum","hosei"
"648",31,41.9,9.5,1.65,15,0,"Tetractomia","tetrandra"
"649",33.8,41.8,15.8,2.3,17,0,"Syzygium","sp. 4"
"650",33.6,41.3,11.5,1.2625,16,0,"Memecylon","sp. 1"
"651",35.7,42.2,16.2,2.675,17,0,"Neoscortechinia","kingii"
"652",35.7,41.8,11.3,1.475,19,0,"Elaeocarpus","mastersii"
"653",40.58,40.9,17.5,2.225,18.5,0,"Xylopia","fusca"
"654",40.8,52,11.2,3.7,9,0,"Xylopia","fusca"
"655",40.8,40.4,9.2,1.15,12.5,0,"Syzygium","havilandii"
"656",43,41.6,19.1,2.425,20,0,"Aglaia","rubiginosa"
"657",40.1,43.6,7.5,1.65,6.5,0,"Xylopia","fusca"
"658",44.8,41.5,14.4,3.475,13.5,0,"Calophyllum","hosei"
"659",42.1,45.4,10.3,2.5,11,0,"Baccaurea","bracteata"
"660",44.5,40.8,6.1,0.675,7.5,0,"Nephelium","maingayi"
"661",45.3,41.5,6.2,1.525,6.5,0,"Diospyros","areolata (bantamensis)"
"662",46.1,45.1,7.9,1.65,9.5,0,"Madhuca","mottleyana"
"663",47.2,45.6,11.2,1.6,12,0,"Campnosperma","coriaceum"
"664",48.7,43.8,18.9,2.475,17.5,0,"Stemonurus","cf. scorpiodes"
"665",49,44,6.4,1.3,10.5,0,"Syzygium","havilandii"
"666",49,47,21.7,3.575,17,0,"Garcinia","sp. 1"
"667",49,47.6,6.6,1.4,19,0,"Madhuca","mottleyana"
"668",47.8,49.3,7.1,1.4,8.5,0,"Madhuca","mottleyana"
"669",46.8,51.1,20.2,3.425,18.5,0,"Garcinia","bancana"
"670",45.4,49.7,30.5,3.075,14.5393010672434,0,"Syzygium","havilandii"
"671",42.1,49,8.2,2.65,9,0,"Elaeocarpus","mastersii"
"672",47.5,44.1,23.6,3.65,18.5,0,"Neoscortechinia","kingii"
"673",41.8,45.3,6.8,1.225,8,0,"Campnosperma","coriaceum"
"674",47.5,48.3,9.3,2.15,11,0,"Diospyros","areolata (bantamensis)"
"675",49.5,48.3,12.1,1.75,12.5,0,"Madhuca","mottleyana"
"676",50.8,47.3,8.5,1.425,10,0,"Syzygium","havilandii"
"677",40.3,47.9,10.4,1.55,9,0,"Memecylon","sp. 1"
"678",50.9,56.2,11.9,2.3,11.5,0,"Tetractomia","tetrandra"
"679",48.7,55.6,9.4,2,8.5,0,"Madhuca","mottleyana"
"680",53.1,55.4,9.5,1.575,7.5,0,"Horsfieldia","crassifolia"
"681",52.4,54.8,14.3,1.5,1.5,0,"Blumeodendron","tokbrai (elateriospermum)"
"682",51.9,53,18.3,2.75,17.5,0,"Syzygium","havilandii"
"683",52.5,53.2,6.1,1.25,8,0,"Diospyros","areolata (bantamensis)"
"684",50.1,42,54.7,3.575,27.7185790370726,0,"Syzygium","havilandii"
"685",51.2,41.1,13.8,3.75,15.5,0,"Syzygium","havilandii"
"686",57,40.7,17,3.1,15,0,"Tetractomia","tetrandra"
"687",54.3,44.3,11.4,2.125,13,0,"Mesua","sp. 1"
"688",55.7,42.4,7.1,2,8.5,0,"Madhuca","mottleyana"
"689",51.9,45.3,10.5,1.45,12,0,"Madhuca","mottleyana"
"690",53,47.4,10.4,2.1,11,0,"Tetractomia","tetrandra"
"691",56.8,46.8,7.8,0.875,12.5,0,"Nephelium","maingayi"
"692",58,47.8,7.2,1.875,11,0,"Litsea","cf. grandis var. rufofusca (cf. rufo-fusca)"
"693",56.3,48.3,40.6,6.85,25.9334753262422,0,"Lithocarpus","conocarpus"
"694",54.3,49.4,7,1.325,9.5,0,"Litsea","cf. grandis var. rufofusca (cf. rufo-fusca)"
"695",55.7,49.1,6.8,1.075,8,0,"Syzygium","havilandii"
"696",51.9,50.2,30.2,4.125,21.7446008298752,0,"Mezzetia","parviflora (leptopoda)"
"697",52,51.3,10,1.6,13,0,"Syzygium","havilandii"
"698",52.1,51.4,6.7,1.825,7.5,0,"Maasia (Polyalthia)","hypoleuca"
"699",51,51.7,12,1.675,14,0,"Mezzetia","parviflora (leptopoda)"
"700",50.4,53.7,7.7,1.95,9.5,0,"Calophyllum","sclerophyllum"
"701",51.1,54,7.4,0.975,10,0,"Madhuca","mottleyana"
"702",51.3,54.5,18,2.325,17.5,0,"Mezzetia","parviflora (leptopoda)"
"703",51.1,55,10.7,1.75,8.5,0,"Tetractomia","tetrandra"
"704",55,54.5,12.9,2.425,15.5,0,"Madhuca","mottleyana"
"705",57,52.5,22.5,3.25,17.5,0,"Mezzetia","parviflora (leptopoda)"
"706",58,53,17,0.925,16,0,"Campnosperma","squamatum"
"707",58.2,52.5,16.2,2.125,15,0,"Isonandra","lanceolata"
"708",60,53.3,11.7,2.275,14.5,0,"Xerospermum","laevigatum / noronhianum"
"709",60,52.2,8.9,1.525,9,0,"Tetractomia","tetrandra"
"710",59.6,50.9,21.1,3.625,16,0,"Diospyros","areolata (bantamensis)"
"711",62.1,41,8.1,1.45,11,0,"Licania","splendens"
"712",61.9,45.1,7.6,0.975,10,0,"Gymnacranthera","farquhariania"
"713",60.8,45.1,7.8,2,8,0,"Garcinia","sp. 11"
"714",61.3,46,9.8,1.1875,9,0,"Mesua","sp. 1"
"715",61,45.7,19.3,2,11,0,"Nephelium","maingayi"
"716",62.6,46.5,13.7,2.175,17,0,"Tetractomia","tetrandra"
"717",62.55,47,11.4,1.825,16,0,"Gonystylus","bancanus"
"718",63.8,45.3,8.6,1.8,11,0,"Madhuca","mottleyana"
"719",63.9,45.8,8.8,1.475,11,0,"Dactylocladus","stenostachys"
"720",68.05,45.8,8.7,1.675,8,0,"Tetractomia","tetrandra"
"721",68.85,44,15.5,2.725,19.4146744285769,0,"Neoscortechinia","kingii"
"722",67.65,44.4,28.6,3.6,24.2624936185494,0,"Xylopia","cf. malayana"
"723",68.05,43.7,28.9,3.45,27.9081919502462,0,"Stemonurus","cf. scorpiodes"
"724",68.55,42.9,25.6,1.825,23.1899153852146,0,"Maasia (Polyalthia)","glauca"
"725",66.95,42.3,13.1,1.675,17,0,"Syzygium","sp. 1 cf. garcinifolia"
"726",65.75,41,25.7,2.1,18,0,"Diospyros","siamang"
"727",65.55,46.7,19.1,2.25,27.1227022407755,0,"Xylopia","fusca"
"728",63.69,47.3,30.1,2.65,26.7175060192935,0,"Shorea","teysmanniana"
"729",65.55,46.7,14.3,1.2875,19.8480867213344,0,"Xylopia","fusca"
"730",64,47.8,10.5,2.04,17,0,"Nephelium","maingayi"
"731",61.5,52.4,12.1,0.9,20.5537577737465,0,"Litsea","cf. grandis var. rufofusca (cf. rufo-fusca)"
"732",61,50.4,11.4,1.5875,19.9447418124245,0,"Litsea","cf. grandis var. rufofusca (cf. rufo-fusca)"
"733",61.3,59,11.4,1.7375,10,0,"Mesua","sp. 1"
"734",63.1,57.2,24.9,4.025,24.9061286620553,0,"Neoscortechinia","kingii"
"735",64.2,58.7,30.4,3.125,34.1202515151668,0,"Shorea","teysmanniana"
"736",64.6,59.2,8.6,2.225,7.5,0,"Tetractomia","tetrandra"
"737",70.35,59,11.4,0.9,9,0,"Syzygium","sp. 4"
"738",69,57,7.2,1.6425,7.5,0,"Tetractomia","tetrandra"
"739",67,56.9,9.2,1.325,15,0,"Tetractomia","tetrandra"
"740",67.6,55.7,16.3,2.15,20.1,0,"Nephelium","maingayi"
"741",69.6,56,29.3,3.1375,17,0,"Elaeocarpus","mastersii"
"742",68.9,54.55,9.4,3.1625,13,0,"Castanopsis","foxworthyii / jaherii"
"743",69.4,54.32,9.8,2.7,14,0,"Castanopsis","foxworthyii / jaherii"
"744",68.6,53.15,17.1,2.8075,20,0,"Tristaniopsis","sp. 4"
"745",67.5,51.45,15.4,2.9,21,0,"Combretocarpus","rotundatus"
"746",71.1,55.4,36.2,5.0375,34.5331660913082,0,"Diospyros","areolata (bantamensis)"
"747",73.5,54,24.1,6.4125,18,0,"Nephelium","maingayi"
"748",72.8,54,8.6,0.95,10,0,"Tetractomia","tetrandra"
"749",76.8,55.4,14.6,2.075,19,0,"Vatica","mangachapoi"
"750",78.75,55.4,13.4,2.525,14,0,"Mesua","sp. 1"
"751",74.2,59.2,17.3,2.825,10,0,"Nephelium","maingayi"
"752",73.96,59.95,10.3,2.05,9,0,"Litsea","sp. 1 cf. resinosa"
"753",77.55,58.84,11.3,1.8875,15,0,"Palaquium","ridleyii"
"754",78.9,55,8.1,2.175,8,0,"Castanopsis","foxworthyii / jaherii"
"755",72.3,51.9,14.2,2.225,10,0,"Litsea","sp. 1 cf. resinosa"
"756",78.7,53.7,11.4,2.95,11,0,"Lithocarpus","sp. 1 cf. dasystachys"
"757",79.6,53.7,9.9,2.55,8,0,"Gymnacranthera","farquhariania"
"758",79.7,45.15,8.5,1.125,6,0,"Horsfieldia","crassifolia"
"759",79.1,43.5,6.9,1.775,8,0,"Tetractomia","tetrandra"
"760",79.75,42.4,13,1.225,11,0,"Tetractomia","tetrandra"
"761",79.3,42.1,9.8,1.7875,11,0,"Stemonurus","cf. scorpiodes"
"762",72.2,49.1,12.2,2.2,10,0,"Garcinia","sp. 1"
"763",73.4,48.6,16.4,3.15,13,0,"Stemonurus","cf. scorpiodes"
"764",70.3,42.1,10.2,1.875,8,0,"Syzygium","sp. 1 cf. garcinifolia"
"765",70.9,41.2,11.9,1.8,9,0,"Stemonurus","cf. scorpiodes"
"766",74.45,41.1,8.7,1.3225,11,0,"Diospyros","siamang"
"767",74.8,42.3,9.2,2.0525,8,0,"Diospyros","areolata (bantamensis)"
"768",75.2,41.5,10.1,1.55,12,0,"Palaquium","pseudorostratum"
"769",76.2,41.3,10.1,1.825,11,0,"Tetractomia","tetrandra"
"770",81,40.4,16.7,2.95,16,0,"Campnosperma","squamatum"
"771",81.3,40.2,16.9,2.225,16.5,0,"Diospyros","areolata (bantamensis)"
"772",81.6,42.2,11.4,1.55,13.5,0,"Stemonurus","cf. scorpiodes"
"773",80.2,42.35,9.3,1.125,12,0,"Gymnacranthera","farquhariania"
"774",84.8,49,9.7,2.175,10.5,0,"Tetractomia","tetrandra"
"775",83,42.7,27.6,4.925,21.3866612589015,0,"Campnosperma","coriaceum"
"776",87.55,46.35,11.9,0.775,14,0,"Shorea","teysmanniana"
"777",83.1,47,8.6,1.825,9.5,0,"Nephelium","lappaceum"
"778",81.5,46,12.6,1.95,11.5,0,"Mesua","sp. 1"
"779",80,46.1,7.6,1.425,7,0,"Gonystylus","bancanus"
"780",80,48.2,7.9,1.225,6.5,0,"Diospyros","areolata (bantamensis)"
"781",83,48.4,21.7,2.35,23.5,0,"Palaquium","ridleyii"
"782",81.3,48.8,19.4,3.4,19.7550214941408,0,"Mesua","sp. 1"
"783",82.9,48.2,8.4,1.425,6,0,"Stemonurus","cf. scorpiodes"
"784",86.1,44.15,35.6,3.875,29.2653128707298,0,"Mezzetia","parviflora (leptopoda)"
"785",89,42.4,12.7,2.575,13,0,"Elaeocarpus","mastersii"
"786",80.8,51.1,12.4,1.55,14.5,0,"Palaquium","ridleyii"
"787",80.3,53.9,12.1,2.3875,13.5,0,"Licania","splendens"
"788",81,59.5,38.2,5.2375,31.5,0,"Koompassia","malaccensis"
"789",82.2,58.9,9.3,1.675,11,0,"Garcinia","bancana"
"790",81.5,60,11.5,1.4,13,0,"Tetractomia","tetrandra"
"791",84.6,56.7,21.1,3.1375,16.8,0,"Syzygium","havilandii"
"792",87.3,54.45,10.6,1.925,9.5,0,"Tetractomia","tetrandra"
"793",87.25,53.6,17.2,2.2375,15.5,0,"Stemonurus","cf. scorpiodes"
"794",85.8,53.7,12.1,1.9375,11,0,"Tetractomia","tetrandra"
"795",89.6,40.6,17.5,2.375,18.5,0,"Shorea","teysmanniana"
"796",92.9,42,11.8,1.275,11.5,0,"Diospyros","cf. evena"
"797",93.4,41.9,9.7,1.375,12,0,"Campnosperma","coriaceum"
"798",96.8,43.3,14.1,1.675,13.5,0,"Campnosperma","coriaceum"
"800",96.1,47.4,14.5,1.975,11,0,"Nephelium","maingayi"
"801",93,47.5,14.4,1.85,9,0,"Horsfieldia","crassifolia"
"802",92.2,46.5,8.9,1.325,10,0,"Tetractomia","tetrandra"
"803",94.2,47.1,9.3,1.35,10.5,0,"Tetractomia","tetrandra"
"805",98,53,7.7,1.8875,8.5,0,"Campnosperma","coriaceum"
"806",96.85,53.6,10.5,1.45,12.5,0,"Aglaia","rubiginosa"
"807",98.55,54.3,9.7,2.525,10.5,0,"Syzygium","sp. 1 cf. garcinifolia"
"808",97.85,58.5,7.5,1.9625,9,0,"Nephelium","maingayi"
"809",98.45,59.9,7.5,1.925,8.5,0,"Litsea","sp. 1 cf. resinosa"
"810",90.6,59.85,10.9,1.125,11,0,"Campnosperma","coriaceum"
"811",90.55,59.45,12.3,2.6875,11,0,"Garcinia","bancana"
"812",90.95,59,7.5,1.1125,10,0,"Tetractomia","tetrandra"
"813",90.65,58.6,14.4,1.575,13,0,"Ilex","hypoglauca"
"814",90.7,53.9,7.5,2.475,10.5,0,"Xylopia","fusca"
"815",0.5,62,8.6,1.425,8,0,"Nephelium","maingayi"
"816",4.2,61.9,17,1.9875,11,0,"Elaeocarpus","mastersii"
"817",0.1,66.1,13.3,0.9,4,0,"Shorea","teysmanniana"
"818",1.1,66.3,13.4,1.925,15,0,"Shorea","teysmanniana"
"819",1.2,66.5,11.4,2.4125,17,0,"Madhuca","mottleyana"
"820",0.8,66.9,8.1,2.95,17,0,"Stemonurus","cf. scorpiodes"
"821",4.05,67,6.9,2.5,16,0,"Syzygium","sp. 4"
"822",6.2,69.8,8.5,1.2375,11,0,"Gonystylus","bancanus"
"823",6.5,70.85,20.5,3.7,11,0,"Tetractomia","tetrandra"
"824",6.5,72.9,13.1,0.9125,6.5,0,"Blumeodendron","tokbrai (elateriospermum)"
"825",7.1,73,6.7,3.25,18,0,"Neoscortechinia","kingii"
"826",0.3,74.55,13.1,2.0625,15.5,0,"Elaeocarpus","mastersii"
"827",2.6,74.65,6.7,1.375,8.5,0,"Tetractomia","tetrandra"
"828",3.6,75.65,12.6,1.2375,16,0,"Elaeocarpus","mastersii"
"829",2.7,78.4,9.9,1.55,16,0,"Mesua","sp. 1"
"830",7.35,74.3,16.1,2.5,12,0,"Elaeocarpus","mastersii"
"831",11.1,71.8,13.4,3.225,18,0,"Mesua","sp. 1"
"832",12.5,74.3,8.1,1.2625,7.5,0,"Diospyros","areolata (bantamensis)"
"833",13.2,75.3,16.2,1.65,10,0,"Tetramerista","glabra"
"834",15.7,78.2,36.5,5.25,33.0836667545658,0,"Campnosperma","coriaceum"
"835",17.4,78,23.8,3.25,28.1547003559006,0,"Shorea","teysmanniana"
"836",19.2,79,14.6,1.95,13,0,"Mezzetia","umbellata"
"837",19.65,77.3,19.7,2.4125,19,0,"Stemonurus","cf. scorpiodes"
"838",17,77.5,12,2.5125,12,0,"Calophyllum","cf. hosei (cf. fragrans)"
"839",19.95,76.1,9.8,1.725,13,0,"Palaquium","pseudorostratum"
"841",8.2,71.6,32.7,5.1725,34.7073141933929,0,"Xylopia","fusca"
"842",14.2,71,17.7,3.15,18,0,"Mesua","sp. 1"
"843",12.7,68.7,36.5,4.8125,30.4706632442122,0,"Diospyros","areolata (bantamensis)"
"844",11.6,65.7,10.1,1.575,13,0,"Licania","splendens"
"845",10.75,63,21.5,3.6,17,0,"Mesua","sp. 1"
"846",8.6,63.25,12.7,1.55,10,0,"Tetramerista","glabra"
"847",10.2,60.9,17.5,2.425,16,0,"Xylopia","cf. malayana"
"848",13.8,61.4,30.5,2.4375,29.2,0,"Diospyros","areolata (bantamensis)"
"849",13.75,60.5,11.8,1.6875,16,0,"Isonandra","lanceolata"
"850",14,61.7,16.1,2.6,17.5,0,"Gymnacranthera","farquhariania"
"851",15.6,64.2,18.7,2.3375,17,0,"Neoscortechinia","kingii"
"852",16.9,63.8,9.6,1.8,12,0,"Diospyros","areolata (bantamensis)"
"853",19.55,65.85,13.1,1.225,7,0,"Gymnacranthera","farquhariania"
"854",18.5,62.85,17.4,2.2625,13,0,"Neoscortechinia","kingii"
"855",20.3,60.3,10.9,2.5125,15,0,"Shorea","teysmanniana"
"856",20.8,60.75,11.2,3.425,15,0,"Nephelium","maingayi"
"857",23.6,60.8,9.7,1.925,10,0,"Tetractomia","tetrandra"
"858",20.1,62.2,21.8,3.2625,19,0,"Campnosperma","squamatum"
"859",23.65,62.1,9.1,1.4375,8,0,"Tetractomia","tetrandra"
"860",21.5,62.75,7.8,1.375,10,0,"Blumeodendron","tokbrai (elateriospermum)"
"861",21.45,64.95,8.7,1.4375,10,0,"Gonystylus","bancanus"
"862",23.25,64.7,7.5,1.55,16,0,"Tetractomia","tetrandra"
"863",24.73,64.5,7.5,1.575,7,0,"Tetractomia","tetrandra"
"864",26.8,63.6,9.8,1.545,6.5,0,"Tetractomia","tetrandra"
"865",21.1,67.4,28.7,1.35,6,0,"Tetractomia","tetrandra"
"866",25.9,67,25.5,5.15,28.5,0,"Mesua","sp. 1"
"867",27.9,67.7,21.6,4.6,24.5752398573752,0,"Mesua","sp. 1"
"868",28.9,66.75,7.3,2.8125,18,0,"Syzygium","sp. 4"
"869",25.5,69.1,11.1,1.6,17,0,"Madhuca","mottleyana"
"870",26.8,68,7.3,1.2875,8.5,0,"Palaquium","ridleyii"
"871",23.7,72.3,11.7,2.375,17,0,"Garcinia","bancana"
"872",20.7,72.7,6.9,1.5,10,0,"Tetractomia","tetrandra"
"873",24.65,74.2,15.5,2.15,18,0,"Horsfieldia","crassifolia"
"874",27.35,74.6,8.2,1.45,11,0,"Syzygium","sp. 4"
"875",25.75,75.5,39.4,3.75,31.121986485941,0,"Diospyros","areolata (bantamensis)"
"876",25.3,75.8,6.5,1.2,12,0,"Stemonurus","cf. scorpiodes"
"878",20.3,77.8,9.5,1.575,11,0,"Syzygium","sp. 4"
"879",20.16,78.3,7.2,4.25,9.5,0,"Maasia (Polyalthia)","hypoleuca"
"880",25.1,79.1,16.3,3.65,18,0,"Nephelium","maingayi"
"881",26.55,78.7,23.5,4.925,28.05,0,"Lithocarpus","conocarpus"
"882",27.2,79.65,41.3,5.25,31.708660403354,0,"Aglaia","rubiginosa"
"883",31.2,75.2,24.3,3.625,25.6422193701768,0,"Palaquium","ridleyii"
"884",32.7,73.5,41.8,3.975,33.1348769457281,0,"Palaquium","pseudorostratum"
"885",33.15,75.4,8.8,2.575,11,0,"Gonystylus","bancanus"
"886",32.1,77.7,28.7,4.175,29.8206191281444,0,"Calophyllum","hosei"
"887",33.1,78.1,13.9,4.55,27.8024699702805,0,"Parartocarpus","venenosus"
"888",34.2,77.6,27.8,3.875,22.7613439639387,0,"Neoscortechinia","kingii"
"889",36.4,79.7,13.4,3.2,18,0,"Nephelium","maingayi"
"890",38.2,79.2,30.3,4.65,26.3527275309737,0,"Calophyllum","hosei"
"891",38.65,78.5,9.1,1.2,16,0,"Madhuca","mottleyana"
"892",38.65,77.5,7.4,1.7,10,0,"Tetractomia","tetrandra"
"893",38.2,76.7,9.8,1.85,10,0,"Litsea","sp. 1 cf. resinosa"
"894",35.5,75,15.3,1.5375,16,0,"Dyera","polyphylla (lowii)"
"895",35.7,75,12.2,2.45,17,0,"Palaquium","ridleyii"
"896",35.7,71.2,9.2,1.6875,8,0,"Garcinia","sp. 1"
"897",39.5,71.4,24.1,3.8625,23.483558555506,0,"Shorea","teysmanniana"
"898",30.2,70,12.2,1.4125,12,0,"Horsfieldia","crassifolia"
"899",29.9,69.2,7.3,1.505,9,0,"Maasia (Polyalthia)","hypoleuca"
"900",29.6,67.8,8.1,2.025,9,0,"Garcinia","sp. 11"
"901",29.6,67.4,8.5,1.5125,12,0,"Diospyros","areolata (bantamensis)"
"902",36.9,67,33.1,3.6,29.8637355037422,0,"Shorea","teysmanniana"
"904",39.7,66.45,8.7,1.25,6.5,0,"Diospyros","areolata (bantamensis)"
"905",39.6,64.4,12.1,2,11,0,"Tetractomia","tetrandra"
"906",36.1,65.5,9.1,2.2375,9.5,0,"Tristaniopsis","sp. 4"
"907",30.9,66.1,11.4,2.5125,11,0,"Mesua","sp. 1"
"908",34.2,64.9,19,2.55,15,0,"Mesua","sp. 1"
"909",34.3,64.7,16.5,2.425,11,0,"Litsea","sp. 1 cf. resinosa"
"910",32.9,64.7,7.8,1.5375,11,0,"Blumeodendron","tokbrai (elateriospermum)"
"911",30.9,61.4,8.3,2.2125,5.5,0,"Tetractomia","tetrandra"
"912",30.3,68,10.1,2.35,13,0,"Lithocarpus","conocarpus"
"913",33.2,60.2,31.5,3.7125,29,0,"Campnosperma","coriaceum"
"914",40.8,60,14.3,3.5,16,0,"Calophyllum","soulattri"
"915",40.7,60.4,22.2,4.175,16,0,"Neoscortechinia","kingii"
"916",44.5,61.2,7.1,1.325,11,0,"Palaquium","ridleyii"
"917",46.8,62.5,15.2,1.85,14,0,"Shorea","teysmanniana"
"918",44.6,65.3,6.4,2.35,7,0,"Tetramerista","glabra"
"919",42.25,67.4,29.1,3.2,27,0,"Diospyros","areolata (bantamensis)"
"920",41.7,67.4,11.2,1.975,15,0,"Palaquium","ridleyii"
"921",41.4,72.8,8.4,1.025,8.5,0,"Syzygium","sp. 4"
"922",42.45,73.5,12.5,2.025,12,0,"Palaquium","ridleyii"
"923",42.35,74,9.4,2.575,7,0,"Syzygium","sp. 4"
"924",43.15,74.5,7.7,0.65,8,0,"Horsfieldia","crassifolia"
"925",44.7,77.4,21.4,3.2,17,0,"Mesua","sp. 1"
"926",46.7,77.6,8.7,1.1,11,0,"Campnosperma","coriaceum"
"927",47,80,27.9,3.95,22,0,"Santiria","sp. 1"
"928",47.45,78.2,12.5,2.15,17,0,"Mesua","sp. 1"
"929",47.45,77.5,15.2,2.9,17,0,"Nephelium","lappaceum"
"930",47.65,75.8,9.4,1.7875,8,0,"Syzygium","havilandii"
"931",47,60.4,8.1,1.55,12,0,"Memecylon","sp. 1"
"932",59,62.4,18.4,2.85,9,0,"Litsea","sp. 1 cf. resinosa"
"933",59,64.1,7.1,0.95,6,0,"Tetractomia","tetrandra"
"934",57.6,63.8,17.1,3.05,11,0,"Garcinia","sp. 1"
"935",56.3,65,10.4,1.05,9,0,"Licania","splendens"
"936",58,65.7,7.4,0.975,8,0,"Syzygium","havilandii"
"937",55.6,62.6,14.9,1.2875,12,0,"Shorea","teysmanniana"
"938",54.8,63.1,11.1,0.65,10,0,"Memecylon","sp. 1"
"939",54.8,62.8,6.6,1.5875,9,0,"Palaquium","ridleyii"
"940",53.6,64.1,8.3,1.725,9,0,"Stemonurus","cf. scorpiodes"
"941",52,63.8,23.9,3.975,13,0,"Litsea","sp. 1 cf. resinosa"
"942",51.45,67.1,20.8,2.65,14,0,"Calophyllum","soulattri"
"943",48.8,67.2,14.1,2.825,17,0,"Maasia (Polyalthia)","hypoleuca"
"944",48.8,67.1,10.3,1.475,16,0,"Parartocarpus","venenosus"
"945",51.6,68.6,14.7,1.85,15,0,"Syzygium","havilandii"
"946",51.7,68.6,9.1,1.4,8,0,"Licania","splendens"
"947",58.9,71.2,9.8,1.575,9,0,"Mesua","sp. 1"
"948",58.9,74.3,24.2,1.275,11,0,"Gymnacranthera","farquhariania"
"949",58.8,72.4,6.1,1.275,7,0,"Palaquium","ridleyii"
"950",58.1,73.4,10.9,1.1,10,0,"Memecylon","sp. 1"
"951",56.1,76.3,7.9,1.075,9,0,"Lithocarpus","conocarpus"
"952",54.8,73.4,13.1,2.525,14,0,"Mesua","sp. 1"
"953",52.2,71.4,21.1,2.075,24,0,"Vatica","mangachapoi"
"954",51.55,71.2,28.5,3.775,25,0,"Diospyros","areolata (bantamensis)"
"955",51.55,71.8,30,4.675,23,0,"Campnosperma","squamatum"
"956",49.3,71.2,19.8,3.5,15,0,"Neoscortechinia","kingii"
"957",50.3,77.55,18.6,2.125,17,0,"Mezzetia","umbellata"
"958",50.2,79.6,6.8,1.375,9,0,"Mesua","sp. 1"
"959",50.2,79,20.7,2.6,12,0,"Nephelium","maingayi"
"960",50.6,79.8,21.6,2.925,18,0,"Calophyllum","hosei"
"961",50.6,80,21,2.55,8,0,"Calophyllum","cf. hosei (cf. fragrans)"
"962",49.9,79.75,6.6,1.075,8.5,0,"Licania","splendens"
"963",67,60.3,9.2,1.4625,9,0,"Maasia (Polyalthia)","glauca"
"964",66.3,60.7,6.3,1.525,7,0,"Licania","splendens"
"965",60.6,61.35,13.4,2.6375,10,0,"Syzygium","sp. 4"
"966",63.15,61.95,17.6,1.95,16,0,"Campnosperma","coriaceum"
"967",61.55,62.1,14.6,3.8625,9,0,"Parartocarpus","venenosus"
"968",61.2,62.1,19.1,2.5375,13,0,"Syzygium","havilandii"
"969",60.75,60.2,10.3,1.3625,16,0,"Combretocarpus","rotundatus"
"970",63.1,63.65,9.6,2.2625,11,0,"Tetractomia","tetrandra"
"971",64.65,63.2,7.8,1.45,7,0,"Tetractomia","tetrandra"
"972",60.85,65.05,6.6,1.7375,6,0,"Tetractomia","tetrandra"
"973",86.5,64.85,25.3,3.475,18,0,"Mesua","sp. 1"
"974",63.25,64.5,10.3,1.6625,11,0,"Tristaniopsis","sp. 4"
"975",65.7,66,6.2,1.35,7,0,"Garcinia","bancana"
"976",65.45,66.1,27.4,4.7375,26,0,"Xylopia","fusca"
"977",65.45,66.35,9.4,2.1,10,0,"Licania","splendens"
"978",66.2,66.6,20.1,3.0375,17,0,"Shorea","teysmanniana"
"979",68.1,68,10.6,1.75,11,0,"Xylopia","fusca"
"980",67.5,67.9,6.9,1.1625,10,0,"Tetractomia","tetrandra"
"981",66.6,68.8,10.4,1.775,11,0,"Lithocarpus","conocarpus"
"982",65.4,67.9,11.2,2.4625,10,0,"Syzygium","havilandii"
"983",63.7,68.9,12.7,5.7875,14,0,"Nephelium","lappaceum"
"984",60.4,70,30.3,5.7,20,0,"Syzygium","havilandii"
"985",62.2,70,35.8,2.625,23,0,"Diospyros","siamang"
"986",61.2,61.4,7.7,1.7125,5.5,0,"Calophyllum","soulattri"
"987",63.5,70.95,6.4,1.1875,6,0,"Tetractomia","tetrandra"
"988",62.3,74.6,18.3,4.625,9,0,"Mesua","sp. 1"
"989",60.9,75.1,8,2.925,7,0,"Magnolia","bintulensis"
"990",60.55,75.8,14.8,2.3925,12,0,"Palaquium","cochlearifolium"
"991",60.5,76.7,7.2,3.6525,14,0,"Tetractomia","tetrandra"
"992",64.65,79.3,13.7,5.265,15,0,"Nephelium","lappaceum"
"993",65.65,80,10.9,4.9,7,0,"Nephelium","lappaceum"
"994",67.7,78.1,6.3,5.5525,8,0,"Tetramerista","glabra"
"995",68.7,76.3,10.7,1.825,12,0,"Blumeodendron","tokbrai (elateriospermum)"
"996",68.6,75.5,9.5,1.875,12,0,"Garcinia","bancana"
"997",68.7,74.3,17.3,2.5125,15,0,"Xylopia","fusca"
"998",68.6,72.4,16,2.6875,12,0,"Ilex","hypoglauca"
"999",68.5,69.9,19.9,4.975,12,0,"Campnosperma","coriaceum"
"1000",70.6,71.8,10.9,2.0875,9,0,"Tetramerista","glabra"
"1001",70.6,77.2,10.5,1.9375,9,0,"Garcinia","bancana"
"1002",73.7,78.1,16.8,1.55,13,0,"Neoscortechinia","kingii"
"1003",73.7,77.7,7.3,1.8,7,0,"Litsea","sp. 1 cf. resinosa"
"1004",76,76.8,11.2,1.4875,14,0,"Knema","intermedia"
"1005",76.4,77.1,11.1,1.775,11,0,"Stemonurus","cf. scorpiodes"
"1006",76.4,78.7,52.5,4.675,37.6815853421413,0,"Vatica","mangachapoi"
"1007",76.4,79.5,19,2.525,17,0,"Calophyllum","hosei"
"1008",78.3,79.6,12.4,1.9,15,0,"Tetractomia","tetrandra"
"1009",76.1,78.9,6.5,1.975,7,0,"Syzygium","sp. 4"
"1010",77.2,74.75,11.8,0.975,11,0,"Ilex","hypoglauca"
"1011",79.6,74.2,23.2,2.225,28.6029180870261,0,"Calophyllum","hosei"
"1012",80,73.8,31.3,3.375,28.2672782345552,0,"Shorea","teysmanniana"
"1013",79.1,72.85,7.7,1.425,13,0,"Xerospermum","laevigatum / noronhianum"
"1014",77.2,70.6,7.4,1.85,9,0,"Tetramerista","glabra"
"1015",77.4,72.2,14.8,3.55,15,0,"Stemonurus","cf. scorpiodes"
"1016",78.3,78.5,6.2,2.4,6.5,0,"Tetractomia","tetrandra"
"1017",77,73.1,17.9,2.15,16,0,"Tristaniopsis","sp. 4"
"1018",79.4,73.1,24.2,4.175,18,0,"Neoscortechinia","kingii"
"1019",79.6,68.3,9.1,2.8875,11,0,"Elaeocarpus","mastersii"
"1020",79.4,67.1,12.5,3.175,12,0,"Elaeocarpus","mastersii"
"1021",78.7,65.4,10.5,3.225,9,0,"Santiria","sp. 1"
"1022",77.6,65.1,7.8,1.7,10,0,"Tetractomia","tetrandra"
"1023",71.5,69.1,25.1,3.525,27.5,0,"Campnosperma","coriaceum"
"1024",70.7,71.2,27.9,4.8,27,0,"Xylopia","fusca"
"1025",81.3,63.35,15.5,3.425,12,0,"Nephelium","lappaceum"
"1026",83.8,61.75,11.3,2,13,0,"Nephelium","lappaceum"
"1027",83.7,61.7,8.4,1.7,13,0,"Nephelium","maingayi"
"1028",85,60.3,6.9,1.125,9,0,"Tetractomia","tetrandra"
"1029",83.4,64,10.1,1.3,13,0,"Sandoricum","beccanarium"
"1030",82,64,8,2.1625,9,0,"Shorea","teysmanniana"
"1031",81,68.7,8,1.9375,10,0,"Syzygium","havilandii"
"1032",89,60,12.4,1.575,16,0,"Calophyllum","soulattri"
"1033",92.1,61.3,45,2.7,28.8210678647981,0,"Shorea","teysmanniana"
"1034",92.1,62,13.5,1.5375,11,0,"Memecylon","sp. 1"
"1035",91.6,65.8,14.3,4.6,8,0,"Sandoricum","beccanarium"
"1036",92.65,66.05,12.5,3.525,7,0,"Shorea","teysmanniana"
"1037",92.65,68.3,21.4,4.5625,10,0,"Litsea","sp. 1 cf. resinosa"
"1038",91.05,69.9,11.8,1.925,11,0,"Palaquium","pseudorostratum"
"1039",91.5,70,10.7,1.6875,9,0,"Stemonurus","cf. scorpiodes"
"1040",93.1,60.65,13.3,2.7125,13,0,"Mesua","sp. 1"
"1041",93.7,61,33.1,3.225,25.5,0,"0","0"
"1042",92.8,64.2,8.5,1.8,8.5,0,"Mesua","sp. 1"
"1043",93.4,66,31.1,4.375,29.2238786140263,0,"Koompassia","malaccensis"
"1044",96,60.9,23.5,3.025,24.3868239629277,0,"Calophyllum","hosei"
"1045",96.8,62,18.3,2.8125,23.9200607030162,0,"Calophyllum","hosei"
"1046",97.2,60.7,9,2.075,12,0,"Memecylon","sp. 1"
"1047",98.9,60,10.6,1.95,14,0,"Memecylon","sp. 1"
"1048",98.8,60.3,1.2,3.5,21.3027512957838,0,"Diospyros","areolata (bantamensis)"
"1049",98.8,60.6,30.3,3.6,23.1096970631482,0,"Licania","splendens"
"1050",96.6,64.35,17.7,2.125,14,0,"Shorea","teysmanniana"
"1051",97.8,65.15,9.9,1.9,17,0,"Vatica","mangachapoi"
"1052",97.8,68.45,9.5,2.225,15,0,"Licania","splendens"
"1053",94.95,71.7,35.3,3.975,27.0035268815161,0,"Shorea","teysmanniana"
"1054",98.9,72.2,33,3.7625,23.3,0,"Campnosperma","coriaceum"
"1055",97.25,73.4,26.1,3.775,26.5598335937318,0,"Sandoricum","beccanarium"
"1056",98.9,75.5,15.1,2.825,15,0,"Shorea","teysmanniana"
"1057",95.65,71.5,10.1,1.75,13,0,"Neoscortechinia","kingii"
"1058",95.1,74.1,18.7,3.8125,17,0,"Syzygium","sp. 4"
"1059",95.5,72.6,10.7,2.3375,11,0,"Palaquium","cochlearifolium"
"1060",92.3,76.4,9.1,1.2,9,0,"Magnolia","bintulensis"
"1061",91.7,77.3,21.5,1.625,21.6314471263677,0,"Sandoricum","beccanarium"
"1062",91.7,78.3,11.8,1.2,16,0,"Diospyros","cf. evena"
"1063",91.7,79.6,27.3,3.225,15,0,"Litsea","sp. 1 cf. resinosa"
"1064",90.3,78.1,16.4,1.475,18,0,"Horsfieldia","crassifolia"
"1065",87.6,72.7,27.4,5,23,0,"Blumeodendron","tokbrai (elateriospermum)"
"1066",81.7,74.2,15.5,2.225,16,0,"Litsea","cf. grandis var. rufofusca (cf. rufo-fusca)"
"1067",84,76.8,23,4.25,14,0,"Elaeocarpus","mastersii"
"1068",87.1,79.7,8,1.375,6,0,"Madhuca","mottleyana"
"1069",86.8,75.3,12,2.075,15,0,"Memecylon","sp. 1"
"1070",84.1,79.1,9.7,1.425,10,0,"Mezzetia","umbellata"
"1071",80.8,78.7,21.3,2.8,18,0,"Litsea","cf. grandis var. rufofusca (cf. rufo-fusca)"
"1072",0.25,81.2,6.2,1.4575,8,0,"Memecylon","sp. 1"
"1073",1.7,81.1,9.1,1.46,10,0,"Neoscortechinia","kingii"
"1074",2.7,82,7.4,1.1525,11,0,"Madhuca","mottleyana"
"1075",1,85.3,16.5,2.3175,14,0,"Tetractomia","tetrandra"
"1076",6.3,85.9,23.7,2.575,18.3714725015518,0,"Palaquium","ridleyii"
"1077",8.2,88.2,16.2,2.4125,13,0,"Neoscortechinia","kingii"
"1078",7.5,89.4,20.2,2.7,28.5,0,"Diospyros","areolata (bantamensis)"
"1079",2.6,91.3,10.3,1.3,6,0,"Horsfieldia","crassifolia"
"1080",1.6,93.9,9.9,1.95,10,0,"Mesua","sp. 1"
"1081",4.6,94.3,20.5,1.725,16,0,"Neoscortechinia","kingii"
"1082",3.8,95.9,7.8,1.025,11,0,"Madhuca","mottleyana"
"1083",0.9,96.1,20.1,1.725,17,0,"Dyera","polyphylla (lowii)"
"1084",3,98.1,8.8,1.275,13,0,"Neoscortechinia","kingii"
"1085",2.9,98.4,10.3,1.5,13,0,"Blumeodendron","tokbrai (elateriospermum)"
"1086",2.9,99,35,4.325,28.5,0,"Xylopia","fusca"
"1087",4.6,98.4,7,1.675,9,0,"Diospyros","areolata (bantamensis)"
"1088",5,98.8,14.4,2.625,14,0,"Calophyllum","soulattri"
"1090",11,95.5,28,3.6,23.1096970631482,0,"Mesua","sp. 1"
"1091",9,94.2,15.9,2.1,16,0,"Tetractomia","tetrandra"
"1092",7.5,95.2,14,1.825,16.5,0,"Diospyros","sp. 1"
"1093",8.4,92.5,10.6,1.575,10,0,"Maasia (Polyalthia)","hypoleuca"
"1094",8,92,7.2,0.85,7,0,"Syzygium","sp. 1 cf. garcinifolia"
"1095",9.3,92.4,19.5,1.35,16.5,0,"Dyera","polyphylla (lowii)"
"1096",10.6,92.4,7.5,1.225,10,0,"Blumeodendron","tokbrai (elateriospermum)"
"1097",13.2,94.8,14.5,1,7.5,0,"Syzygium","havilandii"
"1098",15.3,92.7,25.7,3.125,20.4084849302546,0,"Madhuca","mottleyana"
"1099",14.4,98.2,10.4,1.525,14,0,"Combretocarpus","rotundatus"
"1100",15.9,98.2,10.2,1.925,7,0,"Diospyros","areolata (bantamensis)"
"1104",18.8,98.4,8.1,1.75,9,0,"Neoscortechinia","kingii"
"1106",15.9,92.1,10.1,1.575,8,0,"Gymnacranthera","farquhariania"
"1107",15.8,91.1,6.9,0.95,6,0,"Calophyllum","hosei"
"1108",16.8,92.4,10.1,1.5,8,0,"Gymnacranthera","farquhariania"
"1109",18.6,89.2,8.3,1.35,7,0,"Gonystylus","bancanus"
"1110",18.4,88.9,17.5,1.85,14,0,"Mesua","sp. 1"
"1111",19,87.9,8,0.95,8,0,"Gymnacranthera","farquhariania"
"1112",18.9,87.7,16.9,1.6,16,0,"Syzygium","sp. 4"
"1113",16.3,88.7,7.5,0.625,5,0,"Stemonurus","cf. scorpiodes"
"1114",15.6,86.8,13.8,2.125,9,0,"Horsfieldia","crassifolia"
"1115",10.6,84.6,7.8,1.55,8,0,"Mesua","sp. 1"
"1116",10.9,83,13,2.625,15,0,"Neoscortechinia","kingii"
"1117",18,83,7.3,0.825,9,0,"Syzygium","sp. 1 cf. garcinifolia"
"1118",17.9,82.5,11.6,0.9,15,0,"Sandoricum","beccanarium"
"1119",17.2,81.5,6.5,1.225,8,0,"Syzygium","sp. 4"
"1120",16.5,80.4,10.1,1.55,12,0,"Tetractomia","tetrandra"
"1121",24,80.7,9.4,1.6,13,0,"Madhuca","mottleyana"
"1122",23.1,83.7,36.6,4.5,24.594010767585,0,"Xylopia","fusca"
"1123",24.6,85.4,16,3.025,13,0,"Garcinia","sp. 1"
"1124",25,87.1,8.4,0.8,4.5,0,"Shorea","teysmanniana"
"1125",23.2,89.4,38.5,5.7,30.4948487861359,0,"Koompassia","malaccensis"
"1126",23.7,89.8,11,2.275,11,0,"Tetractomia","tetrandra"
"1127",24.2,90.7,7,1.175,7,0,"Syzygium","havilandii"
"1128",20.25,89.4,20.4,2.625,14,0,"Palaquium","ridleyii"
"1129",21.5,94.6,7.8,2.1,7,0,"Elaeocarpus","mastersii"
"1130",23.2,94,6.6,0.55,5,0,"Nephelium","lappaceum"
"1131",23.9,96.2,28.2,2.75,24.1556900417866,0,"Mezzetia","parviflora (leptopoda)"
"1132",21.9,98,6.9,1,5.5,0,"Litsea","sp. 1 cf. resinosa"
"1133",22.8,96.8,7,1.125,9,0,"Litsea","sp. 1 cf. resinosa"
"1134",23.7,97.1,12.2,2.15,16,0,"Litsea","cf. grandis var. rufofusca (cf. rufo-fusca)"
"1135",24.2,97.7,18.4,2.675,18,0,"Palaquium","ridleyii"
"1136",24.6,97.9,20.9,2.575,19,0,"Shorea","teysmanniana"
"1139",25.8,97.8,7.8,1.575,11,0,"Tristaniopsis","sp. 2"
"1140",30.1,96.8,6.7,1.625,7,0,"Maasia (Polyalthia)","hypoleuca"
"1141",33.7,95.4,7.3,0.95,12,0,"Isonandra","lanceolata"
"1142",32.5,92.1,13.3,1.675,13,0,"Syzygium","sp. 4"
"1143",32.7,91.9,66.2,5.95,28.4237881585548,0,"Diospyros","areolata (bantamensis)"
"1144",30.5,90.4,25.2,2.725,18,0,"Shorea","teysmanniana"
"1145",29.2,88.4,9,0.9,7,0,"Syzygium","sp. 4"
"1146",30.7,87.1,12,2.75,12,0,"Elaeocarpus","mastersii"
"1147",31.4,86.5,17,2.15,13,0,"Shorea","teysmanniana"
"1148",32.2,90.5,7.2,1.55,8,0,"Nephelium","maingayi"
"1149",32.2,91.5,6.4,1.4,8,0,"Palaquium","pseudorostratum"
"1150",32.6,91.2,13.9,1.975,12,0,"Syzygium","sp. 4"
"1151",33,90,12.6,2.325,11,0,"Neoscortechinia","kingii"
"1156",39.6,98.3,10.5,5.75,12,0,"Madhuca","mottleyana"
"1157",39.6,96.3,11.9,2,12,0,"Madhuca","mottleyana"
"1158",39.7,96,22.7,2.55,19,0,"Litsea","cf. grandis var. rufofusca (cf. rufo-fusca)"
"1159",36.4,95,36.9,3.975,17,0,"Isonandra","lanceolata"
"1160",38.4,90.1,16,2.875,17,0,"Xylopia","coriifolia"
"1161",39.6,89.5,19,1.775,19,0,"Campnosperma","coriaceum"
"1162",39.5,88.9,28.2,3.825,20,0,"Neoscortechinia","kingii"
"1163",39.2,87.7,17.3,2.6,18.5,0,"Madhuca","mottleyana"
"1164",39.4,85.6,23,2.575,17,0,"Shorea","teysmanniana"
"1166",30.8,86.1,28.5,4.525,20,0,"Xylopia","fusca"
"1167",30,84.1,8.1,0.75,4,0,"Horsfieldia","crassifolia"
"1168",35.1,80.8,14.3,3.225,14,0,"Calophyllum","sclerophyllum"
"1169",39.7,85.7,6.2,0.875,4,0,"Horsfieldia","crassifolia"
"1170",43,80.2,8.9,1.7,8,0,"Lithocarpus","conocarpus"
"1171",43.3,82.4,21.8,2.825,14,0,"Elaeocarpus","mastersii"
"1172",43.7,86.8,14,1.5,11,0,"Elaeocarpus","mastersii"
"1173",43,87.3,10.6,1.875,11,0,"Litsea","sp. 1 cf. resinosa"
"1174",42,90.7,14.8,2.225,11,0,"Nephelium","maingayi"
"1175",43.3,93.7,19.4,2.825,15,0,"Syzygium","sp. 4"
"1176",42.4,94,11.5,3.225,12,0,"Elaeocarpus","mastersii"
"1177",43.4,94.9,14.8,1.825,15,0,"Drepananthus (Cyathocalyx)","biovulatus"
"1178",40.4,96.5,13.6,2.2,15,0,"Palaquium","ridleyii"
"1179",43.9,98,17,1.925,16.5,0,"Madhuca","mottleyana"
"1180",41.5,98.3,16.4,3.1,14,0,"Mezzetia","parviflora (leptopoda)"
"1183",44,99,7.8,1.3,11,0,"Palaquium","ridleyii"
"1186",49.6,98.8,21,4.375,19.2177866366156,0,"Calophyllum","hosei"
"1188",50,98.1,8.2,1.65,11,0,"Syzygium","havilandii"
"1189",48.5,97.8,7.5,1.05,9,0,"Syzygium","sp. 4"
"1190",49.6,95.4,17.8,1.975,15,0,"Lithocarpus","conocarpus"
"1191",48.5,96,7.3,1.425,13,0,"Syzygium","sp. 4"
"1192",48.5,94.9,6,1.1,8,0,"Neoscortechinia","kingii"
"1193",51.2,92.9,10.4,1.5,15,0,"Syzygium","sp. 4"
"1194",51,92.5,7.8,0.75,7,0,"Diospyros","areolata (bantamensis)"
"1195",50,90.4,10.8,1.3,11,0,"Nephelium","lappaceum"
"1196",52,98.9,10.4,1.975,11,0,"Tetractomia","tetrandra"
"1197",51,97.6,7,0.875,7,0,"Tetractomia","tetrandra"
"1198",53.5,98.9,9.8,1.475,13,0,"Neoscortechinia","kingii"
"1199",53,97.4,11.3,1.2,15,0,"Isonandra","lanceolata"
"1200",53,97,7.8,1.35,11,0,"Nephelium","maingayi"
"1202",58.5,98.9,11.5,1.65,14,0,"Memecylon","sp. 3"
"1204",58,96,9.2,1.675,10,0,"Ternstroemia","magnifica"
"1206",54.4,94.5,13.4,1.625,14,0,"Palaquium","pseudorostratum"
"1207",53,94,12.6,1.95,14,0,"Palaquium","ridleyii"
"1208",59.2,95,16.1,2.55,26,0,"Palaquium","pseudorostratum"
"1209",59.2,95,8.5,1.775,8,0,"Calophyllum","hosei"
"1210",56.4,91.2,17.2,1.925,15,0,"Shorea","teysmanniana"
"1211",58,90,7.3,1.3,8,0,"Tetractomia","tetrandra"
"1212",57.7,88,16.5,1.975,16.5,0,"Campnosperma","coriaceum"
"1213",52,89,8,0.875,9,0,"Nephelium","maingayi"
"1214",52.9,88.8,13,1.925,16,0,"Syzygium","cf. valevenosum"
"1215",53.8,88.8,18,2,14,0,"Memecylon","sp. 1"
"1216",52.3,87,15.1,2.15,14,0,"Elaeocarpus","mastersii"
"1217",52,84.3,6.4,0.75,7,0,"Mezzetia","parviflora (leptopoda)"
"1218",52.6,86.2,8.6,1.725,9,0,"Tetractomia","tetrandra"
"1219",52.9,85.5,12,2,14,0,"Tristaniopsis","sp. 2"
"1220",53.5,86,13,1.425,15,0,"Dyera","polyphylla (lowii)"
"1221",54.5,86,11.2,2.15,12,0,"Elaeocarpus","mastersii"
"1222",55,85.3,18,2.15,16,0,"Madhuca","mottleyana"
"1223",58.5,85.5,9.5,1.5,12,0,"Syzygium","sp. 4"
"1224",59.5,85.3,16.4,2.7,14,0,"Nephelium","maingayi"
"1225",59.7,85.6,16.2,2.325,13,0,"Syzygium","sp. 4"
"1226",57.4,84.5,6.8,1.025,9,0,"Parartocarpus","venenosus"
"1227",58.6,83.7,16.2,2,13,0,"Syzygium","sp. 4"
"1228",57.6,83.3,12.6,1.825,13,0,"Sandoricum","beccanarium"
"1229",56.8,83.1,14.3,2.4,13,0,"Myristica","lowiana"
"1230",57.5,81,6.1,1.275,8,0,"Syzygium","sp. 4"
"1231",54.5,81.5,10.6,1.35,12,0,"Madhuca","mottleyana"
"1232",54.8,81.3,11.1,1.925,11,0,"Nephelium","maingayi"
"1233",53.4,82.2,6.2,1.525,10,0,"Maasia (Polyalthia)","hypoleuca"
"1234",53.4,83.1,20.4,3.125,14,0,"Elaeocarpus","mastersii"
"1235",62.1,81.9,13,1.65,14,0,"Syzygium","sp. 5 cf. zeylanicum"
"1236",63.9,82.3,6.6,1.925,9,0,"Tetractomia","tetrandra"
"1237",61.2,84,14.3,3.35,9,0,"Tetramerista","glabra"
"1238",63.7,83.6,6.6,1.7,8,0,"Stemonurus","cf. scorpiodes"
"1239",61.9,84.9,14.9,2.975,12,0,"Nephelium","lappaceum"
"1240",61.8,85.7,6.7,2.025,7,0,"Tetractomia","tetrandra"
"1241",62.3,85.8,14.9,2.125,14,0,"Shorea","teysmanniana"
"1242",65.2,84.9,9.5,1.625,10,0,"Calophyllum","hosei"
"1243",65.3,85.4,21.9,3.15,16,0,"Litsea","cf. grandis var. rufofusca (cf. rufo-fusca)"
"1244",66.6,85.4,12,2.2,10,0,"Ilex","hypoglauca"
"1245",65.8,84.6,17.2,2.85,16,0,"Mezzetia","parviflora (leptopoda)"
"1246",67.6,84.6,7.6,1.7,9,0,"Mesua","sp. 1"
"1247",68,82.4,10.2,1.25,14,0,"Gymnacranthera","farquhariania"
"1248",67.5,82.3,13,1.875,11,0,"Calophyllum","sclerophyllum"
"1249",65.8,80.1,6.5,1.575,8,0,"Litsea","sp. 1 cf. resinosa"
"1250",65.3,88.2,10.6,1.625,11,0,"Diospyros","sp. 1"
"1251",63.3,87.8,6,0.85,8,0,"Ternstroemia","magnifica"
"1252",65.4,88.4,18.5,2.6,16,0,"Tristaniopsis","sp. 4"
"1253",67.4,92.9,12.8,2.225,10,0,"Tetractomia","tetrandra"
"1254",66.8,93.1,6.6,1.125,7,0,"Ilex","hypoglauca"
"1255",65.3,93.8,6.2,1.6,8,0,"Syzygium","havilandii"
"1256",67.5,96.7,11.8,2.5,13,0,"Santiria","sp. 1"
"1257",68,98,20.9,4.325,14,0,"Litsea","sp. 1 cf. resinosa"
"1258",70.4,97.4,37.2,4.4,31.1,0,"Diospyros","areolata (bantamensis)"
"1259",71.9,97.6,15.6,3.7,15,0,"Elaeocarpus","mastersii"
"1260",72.6,90.1,36.3,3.075,23.5,0,"Diospyros","areolata (bantamensis)"
"1261",70.6,88.9,10.7,1.575,14,0,"Madhuca","mottleyana"
"1262",72.6,97.1,27,3.975,22.477490779432,0,"Litsea","cf. grandis var. rufofusca (cf. rufo-fusca)"
"1263",74.4,95.7,24,3.375,25.110091154425,0,"Xylopia","coriifolia"
"1264",71.9,96.4,24.7,3.675,24.2802223207354,0,"Shorea","teysmanniana"
"1265",72.6,94.6,26.6,3.7,20.8758835373666,0,"Campnosperma","coriaceum"
"1266",76.6,98,7.7,1.175,9,0,"Vatica","mangachapoi"
"1267",74,95,7.6,1.1,9,0,"Isonandra","lanceolata"
"1268",75.7,93.8,6,1.1,7,0,"Xerospermum","laevigatum / noronhianum"
"1269",74.8,92.9,7.7,2.25,7,0,"Diospyros","sp. 1"
"1270",72.5,93.2,10.7,1.9,9,0,"Shorea","teysmanniana"
"1271",72,90.8,13.8,2.15,9,0,"Elaeocarpus","mastersii"
"1272",71.3,90.4,13.1,2.875,14,0,"Lithocarpus","conocarpus"
"1273",70.9,88.5,7.4,1.575,9,0,"Tristaniopsis","sp. 2"
"1274",75.7,88.8,7,1.125,8,0,"Lithocarpus","conocarpus"
"1276",73.4,88.2,13.2,2.1,16,0,"Palaquium","ridleyii"
"1277",74.2,88.3,19.1,2.575,17,0,"Palaquium","ridleyii"
"1278",75.4,88.1,8.1,1.575,8,0,"Nephelium","lappaceum"
"1279",76.9,87.3,18.2,4.1,14,0,"Mezzetia","parviflora (leptopoda)"
"1280",76,84.2,7.8,1.5,8,0,"Tetractomia","tetrandra"
"1281",77.5,84.2,11.3,1.625,15,0,"Xerospermum","laevigatum / noronhianum"
"1282",77.6,84.1,18.1,1.825,16,0,"Neoscortechinia","kingii"
"1283",76.5,83,15,2.5,14,0,"Litsea","sp. 1 cf. resinosa"
"1284",76.4,82.8,16.3,1.75,11,0,"Shorea","teysmanniana"
"1285",76.4,81.2,7,1.5,7,0,"Tetractomia","tetrandra"
"1286",74.8,81,18.1,2.4,16,0,"Palaquium","cochlearifolium"
"1287",74.9,80.7,14.7,2.325,16,0,"Litsea","cf. grandis var. rufofusca (cf. rufo-fusca)"
"1288",74.2,81,8.4,1.8,11,0,"Gonystylus","bancanus"
"1289",73.6,81.4,6,1.125,7,0,"Madhuca","mottleyana"
"1290",73.2,81.3,15.7,2.55,16,0,"Nephelium","lappaceum"
"1291",73,83.8,8.4,1.4,9,0,"Calophyllum","hosei"
"1292",84.5,80.5,31.8,4.025,23.8674547778763,0,"Xylopia","fusca"
"1293",83.9,81.7,7.2,1.35,10,0,"Syzygium","sp. 4"
"1294",82.7,84.2,7.3,1.575,7,0,"Tetractomia","tetrandra"
"1295",84.4,85.6,6.8,1.325,7,0,"Tetractomia","tetrandra"
"1296",86.5,84.7,10.4,2.3,8,0,"Lithocarpus","conocarpus"
"1297",87.9,87.4,8.9,1.8,8,0,"Calophyllum","sclerophyllum"
"1298",88.2,81.1,14.2,2.275,14,0,"Shorea","teysmanniana"
"1299",88.2,81.3,15.6,2.15,14,0,"Calophyllum","hosei"
"1300",82.6,88.9,33.8,2.925,22.7975250764976,0,"Shorea","teysmanniana"
"1301",89,90,37.5,3.075,22.477490779432,0,"Madhuca","mottleyana"
"1302",82.3,81.6,13,2.15,13,0,"Syzygium","sp. 1 cf. garcinifolia"
"1303",81.4,88.6,9.6,1.425,13,0,"Koompassia","malaccensis"
"1304",80.1,90.4,23.4,4,16,0,"Litsea","sp. 1 cf. resinosa"
"1305",81,92.3,7.3,1.425,7,0,"Stemonurus","cf. scorpiodes"
"1306",82.9,93.9,10.8,2.9,11,0,"Maasia (Polyalthia)","hypoleuca"
"1307",80.6,94.2,28,2.425,18,0,"Dyera","polyphylla (lowii)"
"1308",80.3,97.5,7.5,1.075,6,0,"Stemonurus","cf. scorpiodes"
"1309",84.7,99,20.3,2.45,15,0,"Campnosperma","coriaceum"
"1310",85,97,7.5,1.25,9,0,"Madhuca","mottleyana"
"1311",85.2,98.5,12.5,3.2,9,0,"Garcinia","bancana"
"1312",89.5,98.6,21.4,2.525,17,0,"Palaquium","ridleyii"
"1313",92.3,97.8,10.6,2.225,10,0,"Memecylon","sp. 1"
"1314",90.8,98.5,18.5,2.05,17,0,"Calophyllum","hosei"
"1315",90.1,97.1,6.8,0.8,7,0,"Mezzetia","umbellata"
"1316",95,93,11.5,1.4,12,0,"Horsfieldia","crassifolia"
"1317",91.8,96.7,6.8,1.425,8,0,"Gonystylus","bancanus"
"1318",95.4,97.9,7,0.95,6,0,"Ardisia","sp. 2"
"1319",94.4,97.9,9.1,1.35,10,0,"Neoscortechinia","kingii"
"1320",94.4,95.9,17.7,2.2,14,0,"Shorea","teysmanniana"
"1321",95,95.9,8.1,1.2,8,0,"Neoscortechinia","kingii"
"1322",98,97.9,20.9,2.75,14,0,"Litsea","cf. elliptica"
"1324",94.5,93.8,7.5,1.875,8,0,"Litsea","sp. 1 cf. resinosa"
"1325",94.5,93.9,18.5,2.375,18,0,"Palaquium","ridleyii"
"1326",93.8,93.7,15.9,2.05,13,0,"Maasia (Polyalthia)","glauca"
"1328",98.9,92.7,24,2.275,15,0,"Santiria","sp. 1"
"1329",97.9,91.7,8,1.425,9,0,"Syzygium","sp. 5 cf. zeylanicum"
"1330",97.4,84.8,15.6,3.175,13,0,"Elaeocarpus","mastersii"
"1331",96.1,85.2,6.6,1.475,8,0,"Stemonurus","cf. scorpiodes"
"1332",94.4,87.5,18.5,3.825,15,0,"Litsea","sp. 1 cf. resinosa"
"1333",93.5,87.6,28,4.525,21.3388211354566,0,"Campnosperma","coriaceum"
"1334",94.1,80.4,11.6,1.6,12,0,"Syzygium","sp. 4"
"1335",92.3,86.9,7.8,1.425,8,0,"Garcinia","bancana"
"1336",95.7,80.5,11,1.8,8,0,"Syzygium","sp. 5 cf. zeylanicum"
