"","x","y","dbh","canopy_radius","height","fruiting_jan","fruiting_feb","fruiting_mar","fruiting_apr","fruiting_may","fruiting_jun","fruiting_jul","fruiting_aug","fruiting_sep","fruiting_oct","fruiting_nov","fruiting_dec","genus","species","status"
"1",2,91,10.3,1.3,6,0,0,0,0,0,0,0,0,0,0,0,0,"Horsfieldia","crassifolia","untouched"
"2",1,93,9.9,1.95,10,0,0,0,0,0,0,0,0,0,0,0,0,"Mesua","sp. 1","untouched"
"3",4,94,20.5,1.725,16,0,0,0,0,0,0,0,0,0,0,0,0,"Neoscortechinia","kingii","untouched"
"4",3,95,7.8,1.025,11,1,0,0,0,0,0,0,0,0,0,1,1,"Madhuca","mottleyana","untouched"
"5",0,96,20.1,1.725,17,0,0,0,0,0,0,0,0,0,0,0,1,"Dyera","polyphylla (lowii)","untouched"
"6",3,98,8.8,1.275,13,0,0,0,0,0,0,0,0,0,0,0,0,"Neoscortechinia","kingii","untouched"
"7",2,98,10.3,1.5,13,0,0,0,0,0,0,0,0,0,0,0,0,"Blumeodendron","tokbrai (elateriospermum)","untouched"
"8",2,99,35,4.325,28.5,0,0,0,0,0,0,0,1,1,1,0,0,"Xylopia","fusca","untouched"
"9",4,98,7,1.675,9,0,0,0,0,0,0,0,0,0,0,0,0,"Diospyros","areolata (bantamensis)","untouched"
"10",5,98,14.4,2.625,14,0,0,0,0,0,0,0,0,0,0,0,0,"Calophyllum","soulattri","untouched"
"11",4,99,19.3,3.45,16,0,0,0,0,0,0,0,0,0,0,0,0,"Neoscortechinia","kingii","untouched"
"12",11,95,28,3.6,23.1096970631482,0,0,0,0,0,0,0,0,0,0,0,0,"Mesua","sp. 1","untouched"
"13",9,94,15.9,2.1,16,0,0,0,0,0,0,0,0,0,0,0,0,"Tetractomia","tetrandra","untouched"
"14",7,95,14,1.825,16.5,0,0,0,0,0,0,0,0,0,0,0,0,"Diospyros","sp. 1","untouched"
"15",8,92,10.6,1.575,10,0,0,0,0,0,1,1,1,0,2,1,0,"Maasia (Polyalthia)","hypoleuca","untouched"
"16",9,92,19.5,1.35,16.5,0,0,0,0,0,0,0,0,0,0,0,1,"Dyera","polyphylla (lowii)","untouched"
"17",10,92,7.5,1.725,10,0,0,0,0,0,0,0,0,0,0,0,0,"Blumeodendron","tokbrai (elateriospermum)","untouched"
"18",13,94,14.5,1,7.5,0,0,0,0,0,0,0,0,0,0,0,0,"Syzygium","havilandii","untouched"
"19",15,92,25.7,3.125,20.4084849302546,1,0,0,0,0,0,0,0,0,0,1,1,"Madhuca","mottleyana","untouched"
"20",14,98,10.4,1.525,14,0,0,1,1,0,0,0,0,0,0,0,0,"Combretocarpus","rotundatus","untouched"
"21",15,98,10.2,1.925,7,0,0,0,0,0,0,0,0,0,0,0,0,"Diospyros","areolata (bantamensis)","untouched"
"22",13,99,14.4,2.45,15,0,0,0,0,0,0,0,0,0,0,0,0,"Xylopia","cf. malayana","untouched"
"23",17,99,23.3,2.8,17,0,0,0,0,0,0,0,0,0,0,0,0,"Gymnacranthera","farquhariania","untouched"
"24",18,99,16.5,2.75,15,0,0,0,0,0,0,0,0,0,0,0,0,"Calophyllum","sclerophyllum","untouched"
"25",18,98,8.1,1.75,9,0,0,0,0,0,0,0,0,0,0,0,0,"Neoscortechinia","kingii","untouched"
"26",19,99,39.2,3.725,26.6779073257169,0,0,0,0,0,0,0,0,0,0,0,0,"Shorea","teysmanniana","untouched"
"27",15,91,6.9,0.95,6,0,0,0,0,0,0,0,0,0,0,0,0,"Calophyllum","hosei","untouched"
"28",16,92,10.1,1.5,8,0,0,0,0,0,0,0,0,0,0,0,0,"Gymnacranthera","farquhariania","untouched"
"29",24,90,7,1.175,7,0,0,0,0,0,0,0,0,0,0,0,0,"Syzygium","havilandii","untouched"
"30",21,94,7.8,2.1,7,0,0,0,0,0,0,0,0,0,0,0,0,"Elaeocarpus","mastersii","untouched"
"31",23,94,6.6,0.55,5,0,0,0,0,0,0,0,0,0,0,0,0,"Nephelium","lappaceum","untouched"
"32",23,96,28.2,2.75,24.1556900417866,0,0,0,0,0,0,0,0,0,0,0,0,"Mezzetia","parviflora (leptopoda)","untouched"
"33",21,98,6.9,1.8,5.5,0,0,0,0,0,0,0,0,0,0,0,0,"Litsea","sp. 1 cf. resinosa","untouched"
"34",22,96,7,1.125,9,0,0,0,0,0,0,0,0,0,0,0,0,"Litsea","sp. 1 cf. resinosa","untouched"
"35",23,97,12.2,2.15,16,0,0,0,0,0,0,0,0,0,0,0,0,"Litsea","cf. grandis var. rufofusca (cf. rufo-fusca)","untouched"
"36",24,97,18.4,2.675,18,0,0,0,0,0,0,0,0,0,0,0,0,"Palaquium","ridleyii","untouched"
"37",24,99,11.2,2.025,10,0,0,0,0,0,0,0,0,0,0,0,0,"Calophyllum","hosei","untouched"
"38",25,99,8.4,3.025,6.5,0,0,0,0,0,0,0,0,0,0,0,0,"Tetractomia","tetrandra","untouched"
"39",25,97,7.8,1.575,11,0,0,0,0,0,0,0,0,0,0,0,0,"Tristaniopsis","sp. 2","untouched"
"40",30,96,6.7,1.625,7,0,0,0,0,0,0,0,0,0,1,1,0,"Maasia (Polyalthia)","hypoleuca","untouched"
"41",33,95,7.3,0.95,12,0,0,0,0,0,0,0,0,0,0,0,0,"Isonandra","lanceolata","untouched"
"42",32,92,13.3,1.675,13,0,0,0,0,0,0,0,0,0,0,0,0,"Syzygium","sp. 4","untouched"
"43",32,91,66.2,5.95,28.4237881585548,0,0,0,0,0,0,0,0,0,1,0,0,"Diospyros","areolata (bantamensis)","untouched"
"44",30,90,25.2,2.725,18,0,0,0,0,0,0,0,0,0,0,0,0,"Shorea","teysmanniana","untouched"
"45",32,90,7.2,1.55,8,0,0,0,0,0,0,0,0,0,0,0,0,"Nephelium","maingayi","untouched"
"46",33,90,12.6,2.325,11,0,0,0,0,0,0,0,0,0,0,0,0,"Neoscortechinia","kingii","untouched"
"47",35,99,11.7,1.725,9,0,0,0,0,0,0,0,0,0,0,0,0,"Syzygium","havilandii","untouched"
"48",37,99,8.3,1.6,10.5,0,0,0,0,0,0,0,0,0,0,0,0,"Gonystylus","bancanus","untouched"
"49",38,99,6.2,1.075,7,0,0,0,0,0,0,0,0,0,0,0,0,"Mesua","sp. 1","untouched"
"50",39,98,10.5,5.75,12,1,0,0,0,0,0,0,0,0,0,1,1,"Madhuca","mottleyana","untouched"
"51",39,96,22.7,2.55,19,1,0,0,0,0,0,0,0,0,0,1,1,"Litsea","cf. grandis var. rufofusca (cf. rufo-fusca)","untouched"
"52",36,95,36.9,3.975,17,0,0,0,0,0,0,0,0,0,0,0,0,"Isonandra","lanceolata","untouched"
"53",38,90,16,2.875,17,0,0,0,0,0,0,0,0,0,0,0,0,"Xylopia","coriifolia","untouched"
"54",42,90,14.8,2.5,11,0,0,0,0,0,0,0,0,0,0,0,0,"Nephelium","maingayi","untouched"
"55",43,93,19.4,2.825,15,0,0,0,0,0,0,0,0,0,0,0,0,"Syzygium","sp. 4","untouched"
"56",42,94,11.5,3.225,12,0,0,0,0,0,0,0,0,0,0,0,0,"Elaeocarpus","mastersii","untouched"
"57",43,94,14.8,1.825,15,0,0,0,0,0,0,0,0,0,0,0,0,"Drepananthus (Cyathocalyx)","biovulatus","untouched"
"58",40,96,13.6,2.2,15,0,0,0,0,0,0,0,0,0,0,0,0,"Palaquium","ridleyii","untouched"
"59",43,98,17,2.325,16.5,1,0,0,0,0,0,0,0,0,0,1,1,"Madhuca","mottleyana","untouched"
"60",41,98,16.4,3.1,14,0,0,0,0,0,0,0,0,0,0,0,0,"Mezzetia","parviflora (leptopoda)","untouched"
"61",43,99,9.1,2.025,9,0,0,0,0,0,1,1,1,0,1,0,0,"Syzygium","sp. 1 cf. garcinifolia","untouched"
"62",44,99,17.9,2.85,13,1,0,0,0,0,0,0,0,0,0,1,1,"Madhuca","mottleyana","untouched"
"63",49,98,21,4.375,19.2177866366156,0,0,0,0,0,0,0,0,0,0,0,0,"Calophyllum","hosei","untouched"
"64",49,99,8.9,3.55,10,0,0,0,0,0,0,0,0,0,0,0,0,"Lithocarpus","conocarpus","untouched"
"65",50,98,8.2,1.65,11,0,0,0,0,0,0,0,0,0,0,0,0,"Syzygium","havilandii","untouched"
"66",48,97,7.5,1.05,9,0,0,0,0,0,0,0,0,0,0,0,0,"Syzygium","sp. 4","untouched"
"67",49,95,17.8,1.975,15,0,0,0,0,0,0,0,0,0,0,0,0,"Lithocarpus","conocarpus","untouched"
"68",48,96,7.3,1.425,13,0,0,0,0,0,0,0,0,0,0,0,0,"Syzygium","sp. 4","untouched"
"69",48,94,6,1.1,8,0,0,0,0,0,0,0,0,0,0,0,0,"Neoscortechinia","kingii","untouched"
"70",51,92,10.4,1.5,15,0,0,0,0,0,0,0,0,0,0,0,0,"Syzygium","sp. 4","untouched"
"71",50,90,10.8,2.05,11,0,0,0,0,0,0,0,0,0,0,0,0,"Nephelium","lappaceum","untouched"
"72",52,98,10.4,1.975,11,0,0,0,0,0,0,0,0,0,0,0,0,"Tetractomia","tetrandra","untouched"
"73",51,97,7,1.4,7,0,0,0,0,0,0,0,0,0,0,0,0,"Tetractomia","tetrandra","untouched"
"74",53,98,9.8,1.475,13,0,0,0,0,0,0,0,0,0,0,0,0,"Neoscortechinia","kingii","untouched"
"75",53,97,7.8,1.35,11,0,0,0,0,0,0,0,0,0,0,0,0,"Nephelium","maingayi","untouched"
"76",58,99,14,2.175,15,0,0,0,0,0,0,0,0,0,0,0,0,"Nephelium","maingayi","untouched"
"77",58,98,11.5,1.65,14,0,0,0,0,0,0,0,0,0,0,0,0,"Memecylon","sp. 3","untouched"
"78",59,99,14.6,1.675,15,0,0,0,0,0,0,0,0,0,0,0,0,"Syzygium","sp. 4","untouched"
"79",58,96,9.2,1.675,10,0,0,0,0,0,0,0,0,0,0,0,0,"Ternstroemia","magnifica","untouched"
"80",56,95,7.5,1.025,7.5,0,0,0,0,0,0,0,0,0,0,0,0,"Dialium","patens","untouched"
"81",54,94,13.4,1.625,14,0,0,0,0,0,0,0,0,0,1,0,0,"Palaquium","pseudorostratum","untouched"
"82",53,94,12.6,1.95,14,0,0,0,0,0,0,0,0,0,0,0,0,"Palaquium","ridleyii","untouched"
"83",59,95,16.1,2.55,26,0,0,0,0,0,0,0,0,0,1,0,0,"Palaquium","pseudorostratum","untouched"
"84",56,91,17.2,1.925,15,0,0,0,0,0,0,0,0,0,0,0,0,"Shorea","teysmanniana","untouched"
"85",58,90,7.3,1.3,8,0,0,0,0,0,0,0,0,0,0,0,0,"Tetractomia","tetrandra","untouched"
"86",67,92,12.8,2.225,10,0,0,0,0,0,0,0,0,0,0,0,0,"Tetractomia","tetrandra","untouched"
"87",66,93,6.6,1.125,7,0,0,0,0,0,0,0,0,0,0,0,0,"Ilex","hypoglauca","untouched"
"88",65,93,6.2,1.6,8,0,0,0,0,0,0,0,0,0,0,0,0,"Syzygium","havilandii","untouched"
"89",67,96,11.8,2.75,13,0,0,0,0,0,0,0,0,0,0,1,0,"Santiria","sp. 1","untouched"
"90",68,98,20.9,4.325,14,0,0,0,0,0,0,0,0,0,0,0,0,"Litsea","sp. 1 cf. resinosa","untouched"
"91",70,97,37.2,4.4,31.1,0,0,0,0,0,0,0,0,0,0,0,0,"Diospyros","areolata (bantamensis)","untouched"
"92",71,97,15.6,3.7,15,0,0,0,0,0,0,0,0,0,0,0,0,"Elaeocarpus","mastersii","untouched"
"93",72,90,36.3,3.075,23.5,0,0,0,0,0,0,0,0,0,0,0,0,"Diospyros","areolata (bantamensis)","untouched"
"94",72,97,27,3.975,22.477490779432,0,0,0,0,0,0,0,0,0,0,0,0,"Litsea","cf. grandis var. rufofusca (cf. rufo-fusca)","untouched"
"95",74,95,24,3.375,25.110091154425,0,0,0,0,0,0,0,0,0,0,0,0,"Xylopia","coriifolia","untouched"
"96",71,96,24.7,3.675,24.2802223207354,0,0,0,0,0,0,0,0,0,0,0,0,"Shorea","teysmanniana","untouched"
"97",72,94,26.6,3.7,20.8758835373666,0,0,0,0,0,0,0,0,0,0,0,0,"Campnosperma","coriaceum","untouched"
"98",76,98,7.7,1.175,9,0,0,0,0,0,0,0,0,0,0,0,0,"Vatica","mangachapoi","untouched"
"99",75,93,6,1.1,7,0,0,0,0,0,0,0,0,0,0,0,0,"Xerospermum","laevigatum / noronhianum","untouched"
"100",74,92,7.7,2.25,7,0,0,0,0,0,0,0,0,0,0,0,0,"Diospyros","sp. 1","untouched"
"101",72,93,10.7,1.9,9,0,0,0,0,0,0,0,0,0,0,0,0,"Shorea","teysmanniana","untouched"
"102",71,90,13.1,2.875,14,0,0,0,0,0,0,0,0,0,0,0,0,"Lithocarpus","conocarpus","untouched"
"103",82,90,37.5,3.075,22.477490779432,1,0,0,0,0,0,0,0,0,0,1,1,"Madhuca","mottleyana","untouched"
"104",81,90,23.4,4,16,0,0,0,0,0,0,0,0,0,0,0,0,"Litsea","sp. 1 cf. resinosa","untouched"
"105",80,92,7.3,1.425,7,0,0,0,0,0,0,0,0,0,0,0,0,"Stemonurus","cf. scorpiodes","untouched"
"106",81,93,10.8,2.9,11,0,0,0,0,0,0,0,0,0,1,1,0,"Maasia (Polyalthia)","hypoleuca","untouched"
"107",82,94,28,2.425,18,0,0,0,0,0,0,0,0,0,0,0,1,"Dyera","polyphylla (lowii)","untouched"
"108",80,97,7.5,1.075,6,0,0,0,0,0,0,0,0,0,0,0,0,"Stemonurus","cf. scorpiodes","untouched"
"109",83,100,31.8,4.325,30.0629601348423,0,0,0,0,0,0,0,1,1,1,0,0,"Xylopia","fusca","untouched"
"110",83,99,20.3,2.45,15,0,0,0,0,0,0,0,0,0,0,0,0,"Campnosperma","coriaceum","untouched"
"111",84,97,7.5,1.25,9,1,0,0,0,0,0,0,0,0,0,1,1,"Madhuca","mottleyana","untouched"
"112",85,98,12.5,3.2,9,1,0,0,0,0,0,0,0,0,1,1,0,"Garcinia","bancana","untouched"
"113",89,97,10.6,2.225,10,0,0,0,0,0,0,0,1,0,0,0,0,"Memecylon","sp. 1","untouched"
"114",92,98,18.5,2.05,17,0,0,0,0,0,0,0,0,0,0,0,0,"Calophyllum","hosei","untouched"
"115",90,97,6.8,0.8,7,0,0,0,0,0,0,0,0,0,0,0,0,"Mezzetia","umbellata","untouched"
"116",90,93,11.5,1.4,12,0,0,0,0,0,0,0,0,0,0,0,0,"Horsfieldia","crassifolia","untouched"
"117",95,99,7.2,1.625,7,0,0,0,0,0,1,1,0,0,1,0,0,"Tetramerista","glabra","untouched"
"118",91,96,6.8,1.425,8,0,0,0,0,0,0,0,0,0,0,0,0,"Gonystylus","bancanus","untouched"
"119",95,97,7,0.95,6,0,0,0,0,0,0,0,0,0,0,0,0,"Ardisia","sp. 2","untouched"
"120",94,97,9.1,2.1,10,0,0,0,0,0,0,0,0,0,0,0,0,"Neoscortechinia","kingii","untouched"
"121",94,95,17.7,3.525,14,0,0,0,0,0,0,0,0,0,0,0,0,"Shorea","teysmanniana","untouched"
"122",95,95,8.1,1.2,8,0,0,0,0,0,0,0,0,0,0,0,0,"Neoscortechinia","kingii","untouched"
"123",98,97,20.9,3,14,0,0,0,0,0,0,0,0,0,0,0,0,"Litsea","cf. elliptica","untouched"
"124",99,97,6.9,1.825,7,0,0,0,0,0,0,0,0,0,0,0,0,"Xerospermum","laevigatum / noronhianum","untouched"
"125",94,93,18.5,2.375,18,0,0,0,0,0,0,0,0,0,0,0,0,"Palaquium","ridleyii","untouched"
"126",93,93,15.9,2.05,13,0,0,0,0,0,0,0,0,0,0,0,0,"Maasia (Polyalthia)","glauca","untouched"
"127",99,93,19.1,2.45,15,0,0,0,0,0,0,0,0,0,0,0,0,"Campnosperma","coriaceum","untouched"
"128",98,92,24,2.275,15,0,0,0,0,0,0,0,0,0,0,1,0,"Santiria","sp. 1","untouched"
"129",97,91,8,1.425,9,0,0,0,0,0,0,0,0,0,0,0,0,"Syzygium","sp. 5 cf. zeylanicum","untouched"
"130",24,7,17,1.775,12,0,0,0,0,0,0,0,0,0,0,0,0,"Combretocarpus","rotundatus","survivor"
"131",17,7,10.7,1.4625,9,0,0,0,0,0,0,0,0,0,0,0,0,"Combretocarpus","rotundatus","survivor"
"132",20,13,10.2,1.5875,7.5,0,0,0,0,0,0,0,0,0,0,0,0,"Combretocarpus","rotundatus","survivor"
"133",21,16,11.2,1.4875,7,0,0,0,0,0,0,0,0,0,0,0,0,"Combretocarpus","rotundatus","survivor"
"134",14,16,11.4,1.4875,9,0,0,0,0,0,0,0,0,0,0,0,0,"Combretocarpus","rotundatus","survivor"
"135",20,20,7.1,1.0875,4.5,0,0,0,0,0,0,0,0,0,0,0,0,"Combretocarpus","rotundatus","survivor"
"136",14,23,7,0.95,4.5,0,0,0,0,0,0,0,0,0,0,0,0,"Combretocarpus","rotundatus","survivor"
"137",14,14,6.6,0.6875,6,0,0,0,0,0,0,0,0,0,0,0,0,"Combretocarpus","rotundatus","survivor"
"138",12,14,7.2,1.425,4,0,0,0,0,0,0,0,0,0,0,0,0,"Combretocarpus","rotundatus","survivor"
"139",5,16,16.1,1.75,12,0,0,0,0,0,0,0,0,0,0,0,0,"Combretocarpus","rotundatus","survivor"
"140",2,20,6.8,0.81,4,0,0,0,0,0,0,0,0,0,0,0,0,"Combretocarpus","rotundatus","survivor"
"141",7,10,7.7,1.4625,5.5,0,0,0,0,0,0,0,0,0,0,0,0,"Combretocarpus","rotundatus","survivor"
"142",5,9,6.7,1.6125,3,0,0,0,0,0,0,0,0,0,0,0,0,"Syzygium","sp. 6 cf. campanulatum","survivor"
"143",3,8,7.7,1.2875,4,0,0,0,0,0,0,0,0,0,0,0,0,"Syzygium","sp. 6 cf. campanulatum","survivor"
"144",2,8,9.2,1.9,4,0,0,0,0,0,0,0,0,0,0,0,0,"Syzygium","sp. 6 cf. campanulatum","survivor"
"145",5,7,12,2.525,5.5,0,0,0,0,0,0,0,0,0,0,0,0,"Calophyllum","cf. lanigerum","survivor"
"146",1,2,10.3,1.1625,10,0,0,0,0,0,0,0,0,0,0,0,0,"Combretocarpus","rotundatus","survivor"
"147",9,1,8.4,0.7625,8,0,0,0,0,0,0,0,0,0,0,0,0,"Combretocarpus","rotundatus","survivor"
"148",40,23,6.3,1.375,4.5,0,0,0,0,0,0,0,0,0,0,0,0,"Syzygium","sp. 6 cf. campanulatum","survivor"
"149",40,22,9.7,0.825,11,0,0,0,0,0,0,0,0,0,0,0,0,"Combretocarpus","rotundatus","survivor"
"150",46,17,12.1,1.75,11,0,0,0,0,0,0,0,0,0,0,0,0,"Combretocarpus","rotundatus","survivor"
"151",50,25,6.6,0.4875,3,0,0,0,0,0,0,0,0,0,0,0,0,"Combretocarpus","rotundatus","survivor"
"152",49,14,7.2,1.025,6,0,0,0,0,0,0,0,0,0,0,0,0,"Combretocarpus","rotundatus","survivor"
"153",38,15,8.6,1.275,7,0,0,0,0,0,0,0,0,0,0,0,0,"Combretocarpus","rotundatus","survivor"
"154",37,14,6.7,1,4,0,0,0,0,0,0,0,0,0,0,0,0,"Combretocarpus","rotundatus","survivor"
"155",36,14,10.4,1.75,7,0,0,0,0,0,0,0,0,0,0,0,0,"Combretocarpus","rotundatus","survivor"
"156",37,18,10,1.825,7,0,0,0,0,0,0,0,0,0,0,0,0,"Combretocarpus","rotundatus","survivor"
"157",34,14,11.5,1.5,8,0,0,0,0,0,0,0,0,0,0,0,0,"Combretocarpus","rotundatus","survivor"
"158",32,15,9.5,0.875,7,0,0,0,0,0,0,0,0,0,0,0,0,"Combretocarpus","rotundatus","survivor"
"159",31,17,7.6,0.75,6.5,0,0,0,0,0,0,0,0,0,0,0,0,"Combretocarpus","rotundatus","survivor"
"160",28,11,7.8,0.8625,5.5,0,0,0,0,0,0,0,0,0,0,0,0,"Combretocarpus","rotundatus","survivor"
"161",26,12,6.7,1.15,4.5,0,0,0,0,0,0,0,0,0,0,0,0,"Combretocarpus","rotundatus","survivor"
"162",31,22,7.8,2.125,3,0,0,0,0,0,0,0,0,0,0,0,0,"Syzygium","sp. 6 cf. campanulatum","survivor"
"163",31,23,12.4,0.85,8,0,0,0,0,0,0,0,0,0,0,0,0,"Combretocarpus","rotundatus","survivor"
"164",31,6,8.4,1.85,6.5,0,0,0,0,0,0,0,0,0,0,0,0,"Combretocarpus","rotundatus","survivor"
"165",26,3,8.4,0.875,7.5,0,0,0,0,0,0,0,0,0,0,0,0,"Combretocarpus","rotundatus","survivor"
"166",25,2,11.1,1.3125,10,0,0,0,0,0,0,0,0,0,0,0,0,"Combretocarpus","rotundatus","survivor"
"167",26,1,9.7,1.6875,6,0,0,0,0,0,0,0,0,0,0,0,0,"Combretocarpus","rotundatus","survivor"
"168",40,2,6.9,0.5,4,0,0,0,0,0,0,0,0,0,0,0,0,"Combretocarpus","rotundatus","survivor"
"169",37,6,14,1.3125,11,0,0,0,0,0,0,0,0,0,0,0,0,"Combretocarpus","rotundatus","survivor"
"170",48,2,11,1.25,10,0,0,0,0,0,0,0,0,0,0,0,0,"Combretocarpus","rotundatus","survivor"
"171",49,6,6.2,1.85,4.5,0,0,0,0,0,0,0,0,0,0,0,0,"Combretocarpus","rotundatus","survivor"
"172",49,9,9,1.4,4,0,0,0,0,0,0,0,0,0,0,0,0,"Combretocarpus","rotundatus","survivor"
"173",45,1,6.8,1,4,0,0,0,0,0,0,0,0,0,0,0,0,"Combretocarpus","rotundatus","survivor"
"174",47,12,7.7,1.3875,7,0,0,0,0,0,0,0,0,0,0,0,0,"Combretocarpus","rotundatus","survivor"
"175",41,10,11,1.3,9,0,0,0,0,0,0,0,0,0,0,0,0,"Combretocarpus","rotundatus","survivor"
"176",39,9,6.5,1.25,3,0,0,0,0,0,0,0,0,0,0,0,0,"Combretocarpus","rotundatus","survivor"
"177",73,14,8.9,1.0625,5.5,0,0,0,0,0,0,0,0,0,0,0,0,"Combretocarpus","rotundatus","survivor"
"178",71,14,9.6,2.1375,4.5,0,0,0,0,0,0,0,0,0,0,0,0,"Combretocarpus","rotundatus","survivor"
"179",68,12,7.3,0.6,4,0,0,0,0,0,0,0,0,0,0,0,0,"Combretocarpus","rotundatus","survivor"
"180",72,20,7.8,1.35,5.5,0,0,0,0,0,0,0,0,0,0,0,0,"Combretocarpus","rotundatus","survivor"
"181",63,13,8.5,1.2375,6.5,0,0,0,0,0,0,0,0,0,0,0,0,"Combretocarpus","rotundatus","survivor"
"182",62,12,7,1.0125,4.5,0,0,0,0,0,0,0,0,0,0,0,0,"Combretocarpus","rotundatus","survivor"
"183",57,13,6.6,0.7375,3.5,0,0,0,0,0,0,0,0,0,0,0,0,"Combretocarpus","rotundatus","survivor"
"184",53,11,7.9,1.0125,7,0,0,0,0,0,0,0,0,0,0,0,0,"Combretocarpus","rotundatus","survivor"
"185",54,17,8.8,0.8875,7,0,0,0,0,0,0,0,0,0,0,0,0,"Combretocarpus","rotundatus","survivor"
"186",64,21,8.5,1.05,5.5,0,0,0,0,0,0,0,0,0,0,0,0,"Combretocarpus","rotundatus","survivor"
"187",63,21,6.3,0.925,3.5,0,0,0,0,0,0,0,0,0,0,0,0,"Combretocarpus","rotundatus","survivor"
"188",58,21,8.4,0.975,6.5,0,0,0,0,0,0,0,0,0,0,0,0,"Combretocarpus","rotundatus","survivor"
"189",59,21,6.4,1.125,3.8,0,0,0,0,0,0,0,0,0,0,0,0,"Combretocarpus","rotundatus","survivor"
"190",62,5,11.8,1.05,8,0,0,0,0,0,0,0,0,0,0,0,0,"Syzygium","sp. 6 cf. campanulatum","survivor"
"191",63,1,8.2,1.475,5,0,0,0,0,0,0,0,0,0,0,0,0,"Combretocarpus","rotundatus","survivor"
"192",56,9,8.4,0.9625,6.5,0,0,0,0,0,0,0,0,0,0,0,0,"Combretocarpus","rotundatus","survivor"
"193",55,4,7.25,0.9125,7,0,0,0,0,0,0,0,0,0,0,0,0,"Combretocarpus","rotundatus","survivor"
"194",53,7,10.2,0.9875,7.5,0,0,0,0,0,0,0,0,0,0,0,0,"Combretocarpus","rotundatus","survivor"
"195",53,6,8.2,1.1625,7,0,0,0,0,0,0,0,0,0,0,0,0,"Combretocarpus","rotundatus","survivor"
"196",52,10,9.8,1.3875,7,0,0,0,0,0,0,0,0,0,0,0,0,"Combretocarpus","rotundatus","survivor"
"197",50,10,7.8,0.8375,6.5,0,0,0,0,0,0,0,0,0,0,0,0,"Combretocarpus","rotundatus","survivor"
"198",52,1,7.1,0.775,7,0,0,0,0,0,0,0,0,0,0,0,0,"Combretocarpus","rotundatus","survivor"
"199",60,10,6.1,1.075,4,0,0,0,0,0,0,0,0,0,0,0,0,"Combretocarpus","rotundatus","survivor"
"200",68,1,6.6,1.05,4.5,0,0,0,0,0,0,0,0,0,0,0,0,"Combretocarpus","rotundatus","survivor"
"201",70,8,6.6,0.625,6.5,0,0,0,0,0,0,0,0,0,0,0,0,"Combretocarpus","rotundatus","survivor"
"202",74,6,9.2,1.375,6.5,0,0,0,0,0,0,0,0,0,0,0,0,"Combretocarpus","rotundatus","survivor"
"203",85,4,8.7,1.125,8.5,0,0,0,0,0,0,0,0,0,0,0,0,"Combretocarpus","rotundatus","survivor"
"204",85,6,6.7,1.0375,7,0,0,0,0,0,0,0,0,0,0,0,0,"Combretocarpus","rotundatus","survivor"
"205",78,8,7.2,0.7125,4.5,0,0,0,0,0,0,0,0,0,0,0,0,"Combretocarpus","rotundatus","survivor"
"206",77,8,7.3,0.8375,5,0,0,0,0,0,0,0,0,0,0,0,0,"Combretocarpus","rotundatus","survivor"
"207",76,6,7.7,0.9375,5.5,0,0,0,0,0,0,0,0,0,0,0,0,"Combretocarpus","rotundatus","survivor"
"208",76,10,6.5,0.5625,5.5,0,0,0,0,0,0,0,0,0,0,0,0,"Combretocarpus","rotundatus","survivor"
"209",76,14,7.1,0.75,6.5,0,0,0,0,0,0,0,0,0,0,0,0,"Combretocarpus","rotundatus","survivor"
"210",76,16,8.9,0.95,7.5,0,0,0,0,0,0,0,0,0,0,0,0,"Combretocarpus","rotundatus","survivor"
"211",77,16,7.1,1.475,5,0,0,0,0,0,0,0,0,0,0,0,0,"Combretocarpus","rotundatus","survivor"
"212",79,22,6.7,1.65,7.5,0,0,0,0,0,0,0,0,0,0,0,0,"Combretocarpus","rotundatus","survivor"
"213",83,23,7.3,1.5375,4,0,0,0,0,0,0,0,0,0,0,0,0,"Combretocarpus","rotundatus","survivor"
"214",84,24,13.4,1.0375,9.5,0,0,0,0,0,0,0,0,0,0,0,0,"Combretocarpus","rotundatus","survivor"
"215",84,16,6.9,0.75,4.8,0,0,0,0,0,0,0,0,0,0,0,0,"Combretocarpus","rotundatus","survivor"
"216",85,15,6.3,0.7,5,0,0,0,0,0,0,0,0,0,0,0,0,"Combretocarpus","rotundatus","survivor"
"217",89,20,7.8,1.2,7,0,0,0,0,0,0,0,0,0,0,0,0,"Combretocarpus","rotundatus","survivor"
"218",94,23,8.1,1.025,7,0,0,0,0,0,0,0,0,0,0,0,0,"Combretocarpus","rotundatus","survivor"
"219",96,22,8.2,1.175,7.5,0,0,0,0,0,0,0,0,0,0,0,0,"Combretocarpus","rotundatus","survivor"
"220",96,15,8.5,0.6125,6,0,0,0,0,0,0,0,0,0,0,0,0,"Combretocarpus","rotundatus","survivor"
"221",96,16,8.2,0.9625,7,0,0,0,0,0,0,0,0,0,0,0,0,"Combretocarpus","rotundatus","survivor"
"222",98,10,8.2,3.3,5.5,0,0,0,0,0,0,0,0,0,0,0,0,"Combretocarpus","rotundatus","survivor"
"223",98,4,6,0.75,4.5,0,0,0,0,0,0,0,0,0,0,0,0,"Combretocarpus","rotundatus","survivor"
"224",92,9,6.5,0.8375,4,0,0,0,0,0,0,0,0,0,0,0,0,"Combretocarpus","rotundatus","survivor"
"225",90,6,7.9,1.2125,7,0,0,0,0,0,0,0,0,0,0,0,0,"Combretocarpus","rotundatus","survivor"
"226",14,32,15,1.6,8,0,0,0,0,0,0,0,0,0,0,0,0,"Combretocarpus","rotundatus","survivor"
"227",20,37,19.9,2.375,10,0,0,0,0,0,0,0,0,0,0,0,0,"Combretocarpus","rotundatus","survivor"
"228",18,39,7.9,1.575,4,0,0,0,0,0,0,0,0,0,0,0,0,"Combretocarpus","rotundatus","survivor"
"229",18,38,9.8,1.025,6.5,0,0,0,0,0,0,0,0,0,0,0,0,"Combretocarpus","rotundatus","survivor"
"230",16,38,12.7,1.575,7,0,0,0,0,0,0,0,0,0,0,0,0,"Combretocarpus","rotundatus","survivor"
"231",12,34,8.4,0.95,4,0,0,0,0,0,0,0,0,0,0,0,0,"Combretocarpus","rotundatus","survivor"
"232",18,43,9.7,2.025,5,0,0,0,0,0,0,0,0,0,0,0,0,"Combretocarpus","rotundatus","survivor"
"233",23,45,8.3,1.85,4.5,0,0,0,0,0,0,0,0,0,0,0,0,"Combretocarpus","rotundatus","survivor"
"234",17,46,10.7,1.875,4.5,0,0,0,0,0,0,0,0,0,0,0,0,"Combretocarpus","rotundatus","survivor"
"235",18,47,6.4,0.725,4.5,0,0,0,0,0,0,0,0,0,0,0,0,"Combretocarpus","rotundatus","survivor"
"236",23,50,7.8,1,6,0,0,0,0,0,0,0,0,0,0,0,0,"Combretocarpus","rotundatus","survivor"
"237",5,49,12,1.675,6.5,0,0,0,0,0,0,0,0,0,0,0,0,"Combretocarpus","rotundatus","survivor"
"238",5,46,11.2,1.575,6.5,0,0,0,0,0,0,0,0,0,0,0,0,"Combretocarpus","rotundatus","survivor"
"239",2,45,8.5,1.325,6,0,0,0,0,0,0,0,0,0,0,0,0,"Combretocarpus","rotundatus","survivor"
"240",2,44,11.9,2.175,7,0,0,0,0,0,0,0,0,0,0,0,0,"Syzygium","sp. 6 cf. campanulatum","survivor"
"241",1,44,6.2,0.675,3.5,0,0,0,0,0,0,0,0,0,0,0,0,"Combretocarpus","rotundatus","survivor"
"242",3,36,6.4,0.675,4,0,0,0,0,0,0,0,0,0,0,0,0,"Combretocarpus","rotundatus","survivor"
"243",6,36,10,1.95,5,0,0,0,0,0,0,0,0,0,0,0,0,"Combretocarpus","rotundatus","survivor"
"244",9,32,9.6,1.1,7.5,0,0,0,0,0,0,0,0,0,0,0,0,"Combretocarpus","rotundatus","survivor"
"245",6,30,13.6,1.6,8,0,0,0,0,0,0,0,0,0,0,0,0,"Combretocarpus","rotundatus","survivor"
"246",38,26,15.6,2.625,8.5,0,0,0,0,0,0,0,0,0,0,0,0,"Combretocarpus","rotundatus","survivor"
"247",43,26,7.9,0.8,6,0,0,0,0,0,0,0,0,0,0,0,0,"Combretocarpus","rotundatus","survivor"
"248",46,27,8,1.75,6,0,0,0,0,0,0,0,0,0,0,0,0,"Combretocarpus","rotundatus","survivor"
"249",50,26,8.3,0.925,6.5,0,0,0,0,0,0,0,0,0,0,0,0,"Combretocarpus","rotundatus","survivor"
"250",44,30,11.8,1.225,7.5,0,0,0,0,0,0,0,0,0,0,0,0,"Combretocarpus","rotundatus","survivor"
"251",48,34,6.6,0.9,4.5,0,0,0,0,0,0,0,0,0,0,0,0,"Combretocarpus","rotundatus","survivor"
"252",38,34,7.2,0.75,5.5,0,0,0,0,0,0,0,0,0,0,0,0,"Combretocarpus","rotundatus","survivor"
"253",39,35,8,1.1,5.5,0,0,0,0,0,0,0,0,0,0,0,0,"Combretocarpus","rotundatus","survivor"
"254",42,36,8.3,1.475,5.5,0,0,0,0,0,0,0,0,0,0,0,0,"Combretocarpus","rotundatus","survivor"
"255",45,42,7.2,0.95,4.5,0,0,0,0,0,0,0,0,0,0,0,0,"Combretocarpus","rotundatus","survivor"
"256",46,43,8.8,1.275,5.5,0,0,0,0,0,0,0,0,0,0,0,0,"Combretocarpus","rotundatus","survivor"
"257",45,50,12,1.15,7.5,0,0,0,0,0,0,0,0,0,0,0,0,"Combretocarpus","rotundatus","survivor"
"258",43,49,9.1,1.925,4.5,0,0,0,0,0,0,0,0,0,0,0,0,"Combretocarpus","rotundatus","survivor"
"259",35,48,18.9,2.25,9,0,0,0,0,0,0,0,0,0,0,0,0,"Combretocarpus","rotundatus","survivor"
"260",31,46,8.6,1.1,6,0,0,0,0,0,0,0,0,0,0,0,0,"Combretocarpus","rotundatus","survivor"
"261",27,44,8.8,1.05,4.5,0,0,0,0,0,0,0,0,0,0,0,0,"Combretocarpus","rotundatus","survivor"
"262",26,44,6.9,0.7,5.5,0,0,0,0,0,0,0,0,0,0,0,0,"Combretocarpus","rotundatus","survivor"
"263",33,41,9.5,0.925,6.5,0,0,0,0,0,0,0,0,0,0,0,0,"Combretocarpus","rotundatus","survivor"
"264",33,38,12.4,1.7,8.5,0,0,0,0,0,0,0,0,0,0,0,0,"Combretocarpus","rotundatus","survivor"
"265",31,38,8.4,0.925,6.5,0,0,0,0,0,0,0,0,0,0,0,0,"Combretocarpus","rotundatus","survivor"
"266",28,38,7.7,1.275,6.5,0,0,0,0,0,0,0,0,0,0,0,0,"Combretocarpus","rotundatus","survivor"
"267",31,35,6.4,1.275,3.5,0,0,0,0,0,0,0,0,0,0,0,0,"Combretocarpus","rotundatus","survivor"
"268",33,35,14.7,1.8,10,0,0,0,0,0,0,0,0,0,0,0,0,"Combretocarpus","rotundatus","survivor"
"269",50,33,14,2.1,9,0,0,0,0,0,0,0,0,0,0,0,0,"Combretocarpus","rotundatus","survivor"
"270",32,33,7.1,1.275,4.5,0,0,0,0,0,0,0,0,0,0,0,0,"Combretocarpus","rotundatus","survivor"
"271",33,29,9.2,0.8,6,0,0,0,0,0,0,0,0,0,0,0,0,"Combretocarpus","rotundatus","survivor"
"272",30,26,6.5,0.775,4.5,0,0,0,0,0,0,0,0,0,0,0,0,"Combretocarpus","rotundatus","survivor"
"273",27,25,8.4,0.875,4.5,0,0,0,0,0,0,0,0,0,0,0,0,"Shorea","balangeran","survivor"
"274",51,31,7.5,1.025,5.5,0,0,0,0,0,0,0,0,0,0,0,0,"Combretocarpus","rotundatus","survivor"
"275",55,30,8.6,1.65,7,0,0,0,0,0,0,0,0,0,0,0,0,"Combretocarpus","rotundatus","survivor"
"276",61,31,8.4,1.325,4,0,0,0,0,0,0,0,0,0,0,0,0,"Syzygium","sp. 6 cf. campanulatum","survivor"
"277",56,35,9.7,1.6,6,0,0,0,0,0,0,0,0,0,0,0,0,"Combretocarpus","rotundatus","survivor"
"278",56,33,8.4,1.275,7.5,0,0,0,0,0,0,0,0,0,0,0,0,"Combretocarpus","rotundatus","survivor"
"279",53,36,7.8,0.9,5.5,0,0,0,0,0,0,0,0,0,0,0,0,"Combretocarpus","rotundatus","survivor"
"280",53,42,10.2,1.325,8,0,0,0,0,0,0,0,0,0,0,0,0,"Combretocarpus","rotundatus","survivor"
"281",57,38,7.2,1.45,4,0,0,0,0,0,0,0,0,0,0,0,0,"Combretocarpus","rotundatus","survivor"
"282",62,38,9.1,1.05,7.5,0,0,0,0,0,0,0,0,0,0,0,0,"Combretocarpus","rotundatus","survivor"
"283",61,39,6.3,0.725,6,0,0,0,0,0,0,0,0,0,0,0,0,"Cratoxylon","glaucum","survivor"
"284",60,42,6.9,0.85,6,0,0,0,0,0,0,0,0,0,0,0,0,"Cratoxylon","glaucum","survivor"
"285",57,41,8.5,1.475,4.5,0,0,0,0,0,0,0,0,0,0,0,0,"Combretocarpus","rotundatus","survivor"
"286",51,49,8.9,1.2,7,0,0,0,0,0,0,0,0,0,0,0,0,"Combretocarpus","rotundatus","survivor"
"287",75,28,6,1,4,0,0,0,0,0,0,0,0,0,0,0,0,"Combretocarpus","rotundatus","survivor"
"288",79,31,9.3,1.2,7,0,0,0,0,0,0,0,0,0,0,0,0,"Combretocarpus","rotundatus","survivor"
"289",65,47,7.6,0.825,6,0,0,0,0,0,0,0,0,0,0,0,0,"Cratoxylon","glaucum","survivor"
"290",66,46,10.2,1.125,4,0,0,0,0,0,0,0,0,0,0,0,0,"Combretocarpus","rotundatus","survivor"
"291",70,48,11.6,1.525,9.5,0,0,0,0,0,0,0,0,0,0,0,0,"Combretocarpus","rotundatus","survivor"
"292",64,41,11.1,1.4,6,0,0,0,0,0,0,0,0,0,0,0,0,"Combretocarpus","rotundatus","survivor"
"293",69,39,8.6,1.025,7,0,0,0,0,0,0,0,0,0,0,0,0,"Combretocarpus","rotundatus","survivor"
"294",70,34,6.4,0.7,3.2,0,0,0,0,0,0,0,0,0,0,0,0,"Combretocarpus","rotundatus","survivor"
"295",74,29,8.6,0.975,6,0,0,0,0,0,0,0,0,0,0,0,0,"Combretocarpus","rotundatus","survivor"
"296",72,28,11.6,1.775,8.5,0,0,0,0,0,0,0,0,0,0,0,0,"Combretocarpus","rotundatus","survivor"
"297",70,27,10.5,2.575,7.5,0,0,0,0,0,0,0,0,0,0,0,0,"Combretocarpus","rotundatus","survivor"
"298",66,26,7.4,0.625,6,0,0,0,0,0,0,0,0,0,0,0,0,"Combretocarpus","rotundatus","survivor"
"299",98,27,11.3,1.8,7,0,0,0,0,0,0,0,0,0,0,0,0,"Combretocarpus","rotundatus","survivor"
"300",100,34,6.5,0.875,4.5,0,0,0,0,0,0,0,0,0,0,0,0,"Combretocarpus","rotundatus","survivor"
"301",98,34,6.8,1.05,4,0,0,0,0,0,0,0,0,0,0,0,0,"Combretocarpus","rotundatus","survivor"
"302",86,27,6.2,0.775,4,0,0,0,0,0,0,0,0,0,0,0,0,"Combretocarpus","rotundatus","survivor"
"303",85,29,6,0.825,5,0,0,0,0,0,0,0,0,0,0,0,0,"Combretocarpus","rotundatus","survivor"
"304",76,32,10.2,1.2875,8,0,0,0,0,0,0,0,0,0,0,0,0,"Combretocarpus","rotundatus","survivor"
"305",82,28,9.7,1.25,6.5,0,0,0,0,0,0,0,0,0,0,0,0,"Combretocarpus","rotundatus","survivor"
"306",82,33,7.8,1.0625,5.5,0,0,0,0,0,0,0,0,0,0,0,0,"Combretocarpus","rotundatus","survivor"
"307",84,34,6.5,1.175,4.5,0,0,0,0,0,0,0,0,0,0,0,0,"Combretocarpus","rotundatus","survivor"
"308",85,35,8.9,1.0125,7.5,0,0,0,0,0,0,0,0,0,0,0,0,"Combretocarpus","rotundatus","survivor"
"309",87,33,15.6,1.075,10,0,0,0,0,0,0,0,0,0,0,0,0,"Combretocarpus","rotundatus","survivor"
"310",75,37,8.1,1.1125,5.5,0,0,0,0,0,0,0,0,0,0,0,0,"Combretocarpus","rotundatus","survivor"
"311",77,41,7.3,1.25,4,0,0,0,0,0,0,0,0,0,0,0,0,"Combretocarpus","rotundatus","survivor"
"312",86,42,9.1,1.1375,6,0,0,0,0,0,0,0,0,0,0,0,0,"Combretocarpus","rotundatus","survivor"
"313",87,49,6.3,0.675,3.5,0,0,0,0,0,0,0,0,0,0,0,0,"Combretocarpus","rotundatus","survivor"
"314",90,47,6.2,0.8625,5,0,0,0,0,0,0,0,0,0,0,0,0,"Combretocarpus","rotundatus","survivor"
"315",90,41,8,0.9625,4.5,0,0,0,0,0,0,0,0,0,0,0,0,"Combretocarpus","rotundatus","survivor"
"316",94,47,7.8,1.55,6,0,0,0,0,0,0,0,0,0,0,0,0,"Combretocarpus","rotundatus","survivor"
"317",94,50,8.9,0.95,5,0,0,0,0,0,0,0,0,0,0,0,0,"Combretocarpus","rotundatus","survivor"
"318",94,42,6.3,0.5875,4,0,0,0,0,0,0,0,0,0,0,0,0,"Combretocarpus","rotundatus","survivor"
"319",98,39,7.5,0.95,7,0,0,0,0,0,0,0,0,0,0,0,0,"Combretocarpus","rotundatus","survivor"
"320",99,43,9.6,0.8,10,0,0,0,0,0,0,0,0,0,0,0,0,"Combretocarpus","rotundatus","survivor"
"321",2,52,11,1.6875,5.5,0,0,0,0,0,0,0,0,0,0,0,0,"Combretocarpus","rotundatus","survivor"
"322",6,55,6.3,1.05,4.5,0,0,0,0,0,0,0,0,0,0,0,0,"Combretocarpus","rotundatus","survivor"
"323",10,52,10.2,2.125,7,0,0,0,0,0,0,0,0,0,0,0,0,"Combretocarpus","rotundatus","survivor"
"324",11,54,9,1.2125,6,0,0,0,0,0,0,0,0,0,0,0,0,"Combretocarpus","rotundatus","survivor"
"325",6,58,7.9,1.9625,3,0,0,0,0,0,0,0,0,0,0,0,0,"Combretocarpus","rotundatus","survivor"
"326",8,58,10.7,1.175,7,0,0,0,0,0,0,0,0,0,0,0,0,"Combretocarpus","rotundatus","survivor"
"327",2,61,8.7,0.95,8,0,0,0,0,0,0,0,0,0,0,0,0,"Combretocarpus","rotundatus","survivor"
"328",3,62,8,1.0875,8,0,0,0,0,0,0,0,0,0,0,0,0,"Combretocarpus","rotundatus","survivor"
"329",8,62,11,0.95,8.5,0,0,0,0,0,0,0,0,0,0,0,0,"Combretocarpus","rotundatus","survivor"
"330",9,63,7.6,0.47,4,0,0,0,0,0,0,0,0,0,0,0,0,"Combretocarpus","rotundatus","survivor"
"331",6,66,6.8,1.05,5.5,0,0,0,0,0,0,0,0,0,0,0,0,"Combretocarpus","rotundatus","survivor"
"332",9,65,6.5,0.8,3.5,0,0,0,0,0,0,0,0,0,0,0,0,"Combretocarpus","rotundatus","survivor"
"333",10,66,12.3,1.7625,9,0,0,0,0,0,0,0,0,0,0,0,0,"Combretocarpus","rotundatus","survivor"
"334",11,65,7.7,1.1375,5.5,0,0,0,0,0,0,0,0,0,0,0,0,"Shorea","balangeran","survivor"
"335",1,71,16,1.7375,9.5,0,0,0,0,0,0,0,0,0,0,0,0,"Combretocarpus","rotundatus","survivor"
"336",13,53,9,1.25,8,0,0,0,0,0,0,0,0,0,0,0,0,"Combretocarpus","rotundatus","survivor"
"337",16,56,10.5,1.675,8,0,0,0,0,0,0,0,0,0,0,0,0,"Combretocarpus","rotundatus","survivor"
"338",15,59,7.9,1.6,4,0,0,0,0,0,0,0,0,0,0,0,0,"Combretocarpus","rotundatus","survivor"
"339",14,59,10.7,1.35,6.5,0,0,0,0,0,0,0,0,0,0,0,0,"Combretocarpus","rotundatus","survivor"
"340",14,63,12,1.075,9,0,0,0,0,0,0,0,0,0,0,0,0,"Combretocarpus","rotundatus","survivor"
"341",16,63,11.1,1.125,8.5,0,0,0,0,0,0,0,0,0,0,0,0,"Combretocarpus","rotundatus","survivor"
"342",22,52,14.8,2.7375,7.5,0,0,0,0,0,0,0,0,0,0,0,0,"Combretocarpus","rotundatus","survivor"
"343",22,57,6,0.625,4,0,0,0,0,0,0,0,0,0,0,0,0,"Combretocarpus","rotundatus","survivor"
"344",24,58,7.3,0.8875,4.5,0,0,0,0,0,0,0,0,0,0,0,0,"Combretocarpus","rotundatus","survivor"
"345",24,63,12.8,1.8875,9,0,0,0,0,0,0,0,0,0,0,0,0,"Combretocarpus","rotundatus","survivor"
"346",15,63,7.3,1.025,6,0,0,0,0,0,0,0,0,0,0,0,0,"Shorea","balangeran","survivor"
"347",18,64,8.6,0.8625,8,0,0,0,0,0,0,0,0,0,0,0,0,"Combretocarpus","rotundatus","survivor"
"348",16,65,7,1.0125,5.5,0,0,0,0,0,0,0,0,0,0,0,0,"Combretocarpus","rotundatus","survivor"
"349",21,65,7.2,0.625,4.5,0,0,0,0,0,0,0,0,0,0,0,0,"Combretocarpus","rotundatus","survivor"
"350",24,69,7.1,0.775,7,0,0,0,0,0,0,0,0,0,0,0,0,"Cratoxylon","glaucum","survivor"
"351",24,70,10.5,1.5,8.5,0,0,0,0,0,0,0,0,0,0,0,0,"Combretocarpus","rotundatus","survivor"
"352",24,71,8.6,0.4,8.5,0,0,0,0,0,0,0,0,0,0,0,0,"Cratoxylon","glaucum","survivor"
"353",24,72,9.9,0.675,8,0,0,0,0,0,0,0,0,0,0,0,0,"Combretocarpus","rotundatus","survivor"
"354",22,74,7.2,0.6875,6,0,0,0,0,0,0,0,0,0,0,0,0,"Combretocarpus","rotundatus","survivor"
"355",22,75,6.1,0.675,6,0,0,0,0,0,0,0,0,0,0,0,0,"Cratoxylon","glaucum","survivor"
"356",20,74,7.8,0.7375,5.5,0,0,0,0,0,0,0,0,0,0,0,0,"Combretocarpus","rotundatus","survivor"
"357",18,73,7.5,0.85,4.5,0,0,0,0,0,0,0,0,0,0,0,0,"Combretocarpus","rotundatus","survivor"
"358",31,51,6.8,1.08333333333333,7,0,0,0,0,0,0,0,0,0,0,0,0,"Combretocarpus","rotundatus","survivor"
"359",32,51,7.8,0.966666666666667,6,0,0,0,0,0,0,0,0,0,0,0,0,"Combretocarpus","rotundatus","survivor"
"360",29,57,9.1,0.8375,8,0,0,0,0,0,0,0,0,0,0,0,0,"Combretocarpus","rotundatus","survivor"
"361",26,57,7.4,0.9,4,0,0,0,0,0,0,0,0,0,0,0,0,"Combretocarpus","rotundatus","survivor"
"362",36,51,12.2,1.4875,8.5,0,0,0,0,0,0,0,0,0,0,0,0,"Combretocarpus","rotundatus","survivor"
"363",36,52,10.5,1.55,9,0,0,0,0,0,0,0,0,0,0,0,0,"Combretocarpus","rotundatus","survivor"
"364",35,59,12.8,1.925,8,0,0,0,0,0,0,0,0,0,0,0,0,"Combretocarpus","rotundatus","survivor"
"365",38,61,7.4,1.2875,4.5,0,0,0,0,0,0,0,0,0,0,0,0,"Combretocarpus","rotundatus","survivor"
"366",40,60,9.7,2.075,7,0,0,0,0,0,0,0,0,0,0,0,0,"Combretocarpus","rotundatus","survivor"
"367",48,55,13.5,1.4,11,0,0,0,0,0,0,0,0,0,0,0,0,"Combretocarpus","rotundatus","survivor"
"368",46,57,10.1,1.4125,8,0,0,0,0,0,0,0,0,0,0,0,0,"Combretocarpus","rotundatus","survivor"
"369",44,61,6.5,1.55,4,0,0,0,0,0,0,0,0,0,0,0,0,"Combretocarpus","rotundatus","survivor"
"370",49,62,6.2,1.4375,3,0,0,0,0,0,0,0,0,0,0,0,0,"Combretocarpus","rotundatus","survivor"
"371",46,64,10.7,1.5875,7.5,0,0,0,0,0,0,0,0,0,0,0,0,"Combretocarpus","rotundatus","survivor"
"372",48,67,7,0.9125,5,0,0,0,0,0,0,0,0,0,0,0,0,"Combretocarpus","rotundatus","survivor"
"373",50,73,6.8,1.1,7.5,0,0,0,0,0,0,0,0,0,0,0,0,"Cratoxylon","glaucum","survivor"
"374",46,73,9,1.5075,4.5,0,0,0,0,0,0,0,0,0,0,0,0,"Combretocarpus","rotundatus","survivor"
"375",44,72,10.5,0.9375,7,0,0,0,0,0,0,0,0,0,0,0,0,"Combretocarpus","rotundatus","survivor"
"376",38,74,9.5,1.0875,6.5,0,0,0,0,0,0,0,0,0,0,0,0,"Combretocarpus","rotundatus","survivor"
"377",27,73,7.5,0.925,6,0,0,0,0,0,0,0,0,0,0,0,0,"Combretocarpus","rotundatus","survivor"
"378",27,66,8.8,1.6,6.5,0,0,0,0,0,0,0,0,0,0,0,0,"Combretocarpus","rotundatus","survivor"
"379",70,59,11.3,1.375,11,0,0,0,0,0,0,0,0,0,0,0,0,"Combretocarpus","rotundatus","survivor"
"380",63,56,12,1.325,11,0,0,0,0,0,0,0,0,0,0,0,0,"Combretocarpus","rotundatus","survivor"
"381",74,63,6.2,1.15,6,0,0,0,0,0,0,0,0,0,0,0,0,"Cratoxylon","glaucum","survivor"
"382",74,67,9,1.65,7,0,0,0,0,0,0,0,0,0,0,0,0,"Combretocarpus","rotundatus","survivor"
"383",68,65,8.5,0.9625,6,0,0,0,0,0,0,0,0,0,0,0,0,"Combretocarpus","rotundatus","survivor"
"384",67,66,10.5,1.1375,6.5,0,0,0,0,0,0,0,0,0,0,0,0,"Combretocarpus","rotundatus","survivor"
"385",70,70,10.1,3.15,7,0,0,0,0,0,0,0,0,0,0,0,0,"Combretocarpus","rotundatus","survivor"
"386",74,73,6.3,0.5625,7.5,0,0,0,0,0,0,0,0,0,0,0,0,"Cratoxylon","glaucum","survivor"
"387",62,62,7.7,1.325,4.5,0,0,0,0,0,0,0,0,0,0,0,0,"Combretocarpus","rotundatus","survivor"
"388",58,66,6.7,0.925,5.5,0,0,0,0,0,0,0,0,0,0,0,0,"Combretocarpus","rotundatus","survivor"
"389",50,65,6.5,0.6625,4,0,0,0,0,0,0,0,0,0,0,0,0,"Combretocarpus","rotundatus","survivor"
"390",54,55,10,1.175,7,0,0,0,0,0,0,0,0,0,0,0,0,"Combretocarpus","rotundatus","survivor"
"391",58,58,11.7,1.3625,8,0,0,0,0,0,0,0,0,0,0,0,0,"Combretocarpus","rotundatus","survivor"
"392",92,53,9,1.4125,6.5,0,0,0,0,0,0,0,0,0,0,0,0,"Combretocarpus","rotundatus","survivor"
"393",96,59,6.5,1,8,0,0,0,0,0,0,0,0,0,0,0,0,"Cratoxylon","glaucum","survivor"
"394",97,59,7.5,1.625,5,0,0,0,0,0,0,0,0,0,0,0,0,"Combretocarpus","rotundatus","survivor"
"395",99,60,9.3,1.475,8,0,0,0,0,0,0,0,0,0,0,0,0,"Combretocarpus","rotundatus","survivor"
"396",95,61,9.8,1.6125,7.5,0,0,0,0,0,0,0,0,0,0,0,0,"Combretocarpus","rotundatus","survivor"
"397",82,51,6.2,1.0625,4,0,0,0,0,0,0,0,0,0,0,0,0,"Combretocarpus","rotundatus","survivor"
"398",76,52,10.6,1.4625,7,0,0,0,0,0,0,0,0,0,0,0,0,"Combretocarpus","rotundatus","survivor"
"399",80,63,6.4,0.7875,4,0,0,0,0,0,0,0,0,0,0,0,0,"Combretocarpus","rotundatus","survivor"
"400",78,62,7.9,1.025,4.5,0,0,0,0,0,0,0,0,0,0,0,0,"Combretocarpus","rotundatus","survivor"
"401",77,62,6.2,0.75,4,0,0,0,0,0,0,0,0,0,0,0,0,"Combretocarpus","rotundatus","survivor"
"402",76,64,7.3,1.25,6,0,0,0,0,0,0,0,0,0,0,0,0,"Cratoxylon","glaucum","survivor"
"403",77,65,7.6,1.7,4.5,0,0,0,0,0,0,0,0,0,0,0,0,"Combretocarpus","rotundatus","survivor"
"404",92,65,7,0.9875,6,0,0,0,0,0,0,0,0,0,0,0,0,"Combretocarpus","rotundatus","survivor"
"405",92,69,9.4,1.1625,6.5,0,0,0,0,0,0,0,0,0,0,0,0,"Combretocarpus","rotundatus","survivor"
"406",90,69,6.9,0.9375,4.5,0,0,0,0,0,0,0,0,0,0,0,0,"Combretocarpus","rotundatus","survivor"
"407",95,74,6.5,0.8375,4,0,0,0,0,0,0,0,0,0,0,0,0,"Combretocarpus","rotundatus","survivor"
"408",96,70,7.7,0.9,7,0,0,0,0,0,0,0,0,0,0,0,0,"Combretocarpus","rotundatus","survivor"
"409",100,71,12.8,2.05,8,0,0,0,0,0,0,0,0,0,0,0,0,"Combretocarpus","rotundatus","survivor"
"410",98,74,7,1.15,4,0,0,0,0,0,0,0,0,0,0,0,0,"Combretocarpus","rotundatus","survivor"
"411",19,88,7,0.925,7,0,0,0,0,0,0,0,0,0,0,0,0,"Cratoxylon","glaucum","survivor"
"412",20,87,7.9,1.2625,7,0,0,0,0,0,0,0,0,0,0,0,0,"Combretocarpus","rotundatus","survivor"
"413",24,87,6.2,0.75,6,0,0,0,0,0,0,0,0,0,0,0,0,"Combretocarpus","rotundatus","survivor"
"414",23,84,6.6,0.8125,5.5,0,0,0,0,0,0,0,0,0,0,0,0,"Combretocarpus","rotundatus","survivor"
"415",22,82,6.5,0.675,6,0,0,0,0,0,0,0,0,0,0,0,0,"Combretocarpus","rotundatus","survivor"
"416",21,80,10.5,1.5875,7.5,0,0,0,0,0,0,0,0,0,0,0,0,"Combretocarpus","rotundatus","survivor"
"417",20,78,9.3,1.225,7,0,0,0,0,0,0,0,0,0,0,0,0,"Combretocarpus","rotundatus","survivor"
"418",19,80,6.8,0.8,5,0,0,0,0,0,0,0,0,0,0,0,0,"Combretocarpus","rotundatus","survivor"
"419",19,79,7.4,1.1125,5,0,0,0,0,0,0,0,0,0,0,0,0,"Combretocarpus","rotundatus","survivor"
"420",19,84,7.1,0.7375,4.5,0,0,0,0,0,0,0,0,0,0,0,0,"Combretocarpus","rotundatus","survivor"
"421",13,83,8.5,1.3625,4.5,0,0,0,0,0,0,0,0,0,0,0,0,"Combretocarpus","rotundatus","survivor"
"422",12,86,10.5,1.9625,3,0,0,0,0,0,0,0,0,0,0,0,0,"Combretocarpus","rotundatus","survivor"
"423",2,84,7,0.85,7,0,0,0,0,0,0,0,0,0,0,0,0,"Combretocarpus","rotundatus","survivor"
"424",4,80,10.3,0.875,7.5,0,0,0,0,0,0,0,0,0,0,0,0,"Combretocarpus","rotundatus","survivor"
"425",5,76,7.8,1.0875,7,0,0,0,0,0,0,0,0,0,0,0,0,"Combretocarpus","rotundatus","survivor"
"426",7,75,9.8,1.625,7.5,0,0,0,0,0,0,0,0,0,0,0,0,"Combretocarpus","rotundatus","survivor"
"427",8,76,10.5,0.9375,8,0,0,0,0,0,0,0,0,0,0,0,0,"Combretocarpus","rotundatus","survivor"
"428",11,76,6.8,1.4,6,0,0,0,0,0,0,0,0,0,0,0,0,"Combretocarpus","rotundatus","survivor"
"429",14,89,7.3,1.25,4,0,0,0,0,0,0,0,0,0,0,0,0,"Combretocarpus","rotundatus","survivor"
"430",25,75,12.9,1.35,6.2,0,0,0,0,0,0,0,0,0,0,0,0,"Combretocarpus","rotundatus","survivor"
"431",50,84,6.9,0.925,3,0,0,0,0,0,0,0,0,0,0,0,0,"Combretocarpus","rotundatus","survivor"
"432",50,82,6.3,0.6,3,0,0,0,0,0,0,0,0,0,0,0,0,"Combretocarpus","rotundatus","survivor"
"433",45,83,10.1,1.4,4,0,0,0,0,0,0,0,0,0,0,0,0,"Combretocarpus","rotundatus","survivor"
"434",41,88,9,1.6875,5,0,0,0,0,0,0,0,0,0,0,0,0,"Combretocarpus","rotundatus","survivor"
"435",42,83,7.2,0.625,6,0,0,0,0,0,0,0,0,0,0,0,0,"Combretocarpus","rotundatus","survivor"
"436",47,76,6.3,0.925,5,0,0,0,0,0,0,0,0,0,0,0,0,"Combretocarpus","rotundatus","survivor"
"437",48,75,6.4,0.725,6.5,0,0,0,0,0,0,0,0,0,0,0,0,"Combretocarpus","rotundatus","survivor"
"438",47,75,7.4,0.975,6.5,0,0,0,0,0,0,0,0,0,0,0,0,"Combretocarpus","rotundatus","survivor"
"439",44,77,7.6,1.0625,7.5,0,0,0,0,0,0,0,0,0,0,0,0,"Combretocarpus","rotundatus","survivor"
"440",40,78,6.6,0.85,7.5,0,0,0,0,0,0,0,0,0,0,0,0,"Combretocarpus","rotundatus","survivor"
"441",39,78,6.2,0.675,6,0,0,0,0,0,0,0,0,0,0,0,0,"Combretocarpus","rotundatus","survivor"
"442",38,76,6.8,1.525,4,0,0,0,0,0,0,0,0,0,0,0,0,"Combretocarpus","rotundatus","survivor"
"443",36,83,6.4,0.7875,5,0,0,0,0,0,0,0,0,0,0,0,0,"Combretocarpus","rotundatus","survivor"
"444",35,85,9.9,1.425,6.5,0,0,0,0,0,0,0,0,0,0,0,0,"Combretocarpus","rotundatus","survivor"
"445",27,83,10.6,1.775,8,0,0,0,0,0,0,0,0,0,0,0,0,"Combretocarpus","rotundatus","survivor"
"446",63,88,7.9,1.0625,5,0,0,0,0,0,0,0,0,0,0,0,0,"Combretocarpus","rotundatus","survivor"
"447",53,84,7.5,1.625,4,0,0,0,0,0,0,0,0,0,0,0,0,"Combretocarpus","rotundatus","survivor"
"448",55,83,8.7,1.95,4.5,0,0,0,0,0,0,0,0,0,0,0,0,"Combretocarpus","rotundatus","survivor"
"449",60,84,6.7,1.175,4,0,0,0,0,0,0,0,0,0,0,0,0,"Combretocarpus","rotundatus","survivor"
"450",53,80,8.5,1.5,6,0,0,0,0,0,0,0,0,0,0,0,0,"Combretocarpus","rotundatus","survivor"
"451",54,79,6.6,0.9,3.2,0,0,0,0,0,0,0,0,0,0,0,0,"Combretocarpus","rotundatus","survivor"
"452",52,76,14.6,1.9125,10,0,0,0,0,0,0,0,0,0,0,0,0,"Combretocarpus","rotundatus","survivor"
"453",59,76,9.3,1.275,4.2,0,0,0,0,0,0,0,0,0,0,0,0,"Combretocarpus","rotundatus","survivor"
"454",69,80,7,0.8,4,0,0,0,0,0,0,0,0,0,0,0,0,"Cratoxylon","glaucum","survivor"
"455",69,82,10.5,1.025,6,0,0,0,0,0,0,0,0,0,0,0,0,"Combretocarpus","rotundatus","survivor"
"456",72,77,7.7,1.4375,3.2,0,0,0,0,0,0,0,0,0,0,0,0,"Combretocarpus","rotundatus","survivor"
"457",76,76,7.5,1.25,6,0,0,0,0,0,0,0,0,0,0,0,0,"Combretocarpus","rotundatus","survivor"
"458",80,81,8.4,1.2375,6,0,0,0,0,0,0,0,0,0,0,0,0,"Combretocarpus","rotundatus","survivor"
"459",78,85,9.2,1.1875,6,0,0,0,0,0,0,0,0,0,0,0,0,"Combretocarpus","rotundatus","survivor"
"460",76,87,6,0.8125,4,0,0,0,0,0,0,0,0,0,0,0,0,"Combretocarpus","rotundatus","survivor"
"461",78,88,6.5,0.9375,4.5,0,0,0,0,0,0,0,0,0,0,0,0,"Combretocarpus","rotundatus","survivor"
"462",92,88,6.5,1.1,5,0,0,0,0,0,0,0,0,0,0,0,0,"Cratoxylon","glaucum","survivor"
"463",89,89,8.5,1.4625,7,0,0,0,0,0,0,0,0,0,0,0,0,"Cratoxylon","glaucum","survivor"
"464",88,89,6.5,0.8,7,0,0,0,0,0,0,0,0,0,0,0,0,"Cratoxylon","glaucum","survivor"
"465",88,88,7.7,1.0125,7,0,0,0,0,0,0,0,0,0,0,0,0,"Cratoxylon","glaucum","survivor"
"466",87,87,11.9,1.375,8,0,0,0,0,0,0,0,0,0,0,0,0,"Combretocarpus","rotundatus","survivor"
"467",85,86,6,1.125,4,0,0,0,0,0,0,0,0,0,0,0,0,"Combretocarpus","rotundatus","survivor"
"468",88,86,7.4,1.1875,4,0,0,0,0,0,0,0,0,0,0,0,0,"Combretocarpus","rotundatus","survivor"
"469",90,86,6.1,0.8125,3,0,0,0,0,0,0,0,0,0,0,0,0,"Combretocarpus","rotundatus","survivor"
"470",89,78,7,1.3875,3.5,0,0,0,0,0,0,0,0,0,0,0,0,"Combretocarpus","rotundatus","survivor"
"471",85,80,9.3,1.4375,7,0,0,0,0,0,0,0,0,0,0,0,0,"Combretocarpus","rotundatus","survivor"
"472",85,77,9.2,1.35,6,0,0,0,0,0,0,0,0,0,0,0,0,"Combretocarpus","rotundatus","survivor"
"473",87,76,6.6,1.025,5,0,0,0,0,0,0,0,0,0,0,0,0,"Combretocarpus","rotundatus","survivor"
"474",91,78,7.6,1.125,5,0,0,0,0,0,0,0,0,0,0,0,0,"Combretocarpus","rotundatus","survivor"
"475",90,82,7.3,1.15,5,0,0,0,0,0,0,0,0,0,0,0,0,"Combretocarpus","rotundatus","survivor"
"476",93,79,6.1,0.775,6,0,0,0,0,0,0,0,0,0,0,0,0,"Combretocarpus","rotundatus","survivor"
"477",92,84,6.2,1.025,3,0,0,0,0,0,0,0,0,0,0,0,0,"Combretocarpus","rotundatus","survivor"
"478",95,86,8,1.225,6,0,0,0,0,0,0,0,0,0,0,0,0,"Combretocarpus","rotundatus","survivor"
"479",96,79,6.8,1.05,3,0,0,0,0,0,0,0,0,0,0,0,0,"Combretocarpus","rotundatus","survivor"
"480",96,78,6.5,1.325,3,0,0,0,0,0,0,0,0,0,0,0,0,"Combretocarpus","rotundatus","survivor"
