n,x,y,dbh,canopy_radius,height,fruiting_jan,fruiting_feb,fruiting_mar,fruiting_apr,fruiting_may,fruiting_jun,fruiting_jul,fruiting_aug,fruiting_sep,fruiting_oct,fruiting_nov,fruiting_dec,genus,species,status
1,1,1,18.3,3.1,18.13924121851,0,0,0,0,0,0,0,0,0,0,0,0,Shorea,teysmanniana,untouched
2,1,2,8.7,0.85,13,0,0,0,0,0,0,0,0,0,0,0,0,Ilex,hypoglauca,untouched
3,0,3,7.2,0.9,13,0,0,0,0,0,0,0,0,0,0,0,0,Sandoricum,beccanarium,untouched
4,3,3,10.5,2.2325,13,0,0,0,0,0,0,0,1,0,0,0,0,Memecylon,sp. 1,untouched
5,2,7,36.4,5.3425,10.080060910052,0,0,0,0,0,0,0,0,0,0,0,0,Campnosperma,coriaceum,untouched
6,1,7,10.3,1.925,13,0,0,0,0,0,0,0,0,0,0,0,0,Tristaniopsis,sp. 2,untouched
7,1,10,10.2,2.225,15,0,0,0,0,0,0,0,0,0,0,0,0,Callophyllum,cf. lanigerum / sp. 2,untouched
8,2,10,18.8,2.525,17.8201402942395,1,0,0,0,0,0,0,0,0,0,1,1,Madhuca,mottleyana,untouched
9,4,9,37.5,3.85,9.63515430442063,0,0,0,0,0,1,1,0,0,1,0,0,Tetramerista,glabra,untouched
10,4,10,11.6,1.65,9.31285626506717,0,0,0,0,0,0,0,0,0,0,0,0,Gonystylus,bancanus,untouched
11,1,13,33.2,4.5,12.9351091399407,0,0,0,0,0,0,0,0,0,0,0,0,Mesua,sp. 1,untouched
12,2,14,11,1.9,15,0,0,0,0,0,0,0,0,0,0,0,0,Nephelium,lappaceum,untouched
13,2,15,8.8,1.65,9,0,0,0,0,0,0,0,0,0,0,0,0,Tetractomia,tetrandra,untouched
14,3,18,13,2.175,15,0,0,0,0,0,0,0,0,0,0,0,0,Ilex,hypoglauca,untouched
15,6,19,7.6,1.925,13,0,0,0,0,0,0,0,0,0,0,0,0,Tetractomia,tetrandra,untouched
16,7,17,24.9,3.8,11.7768347915753,0,0,0,0,0,0,0,0,0,0,0,0,Calophyllum,cf. hosei (cf. fragrans),untouched
17,8,19,10.1,0.875,13,0,0,0,0,0,0,0,0,0,0,0,0,Gymnacranthera,farquhariania,untouched
18,8,16,10,2.025,10,0,0,0,0,0,0,0,0,0,0,0,0,Tetractomia,tetrandra,untouched
19,10,18,6.5,1.25,6,0,0,0,0,0,0,0,0,0,0,0,0,Horsfieldia,crassifolia,untouched
20,11,16,7.7,1.325,8.5,0,0,0,0,0,0,0,0,0,0,0,0,Isonandra,lanceolata,untouched
21,11,14,14.1,2.85,14,0,0,0,0,0,0,0,0,0,0,0,0,Licania,splendens,untouched
22,14,15,8.3,0.8,15,0,0,0,0,0,0,0,0,0,0,0,0,Nephelium,lappaceum,untouched
23,14,18,8.2,2.875,10,0,0,0,0,0,0,0,0,0,0,0,0,Licania,splendens,untouched
24,16,15,10.9,1.925,12,0,0,0,0,0,0,0,0,0,1,1,0,Maasia (Polyalthia),hypoleuca,untouched
25,20,16,21.7,3.625,23.2680052906522,0,0,0,0,0,0,0,0,0,0,0,0,Mesua,sp. 1,untouched
26,6,13,11.7,2.25,11,0,0,0,0,0,0,0,0,0,0,0,0,Diospyros,areolata (bantamensis),untouched
27,7,10,7.5,1.65,7,0,0,0,0,0,0,0,0,0,0,0,0,Diospyros,areolata (bantamensis),untouched
28,6,9,12.3,2.275,15,0,0,0,0,0,0,0,0,0,0,0,0,Nephelium,lappaceum,untouched
29,7,8,15.1,3.775,13,0,0,0,0,0,0,0,0,0,0,0,0,Nephelium,lappaceum,untouched
30,7,7,11.5,2.2,14,0,0,0,0,0,0,0,0,0,0,0,0,Tetractomia,tetrandra,untouched
31,9,9,25.7,2.975,18.5,1,0,0,0,0,0,0,0,0,0,1,1,Madhuca,mottleyana,untouched
32,9,10,12,2.45,10,1,0,0,0,0,0,0,0,0,1,1,0,Garcinia,bancana,untouched
33,11,11,11.1,1.5,15,0,0,0,0,0,0,0,0,0,0,0,0,Gonystylus,bancanus,untouched
34,11,10,11.6,1.825,14,0,0,0,0,0,0,0,0,0,0,0,0,Tetractomia,tetrandra,untouched
35,13,8,10.6,2.275,15,0,0,0,0,0,0,0,0,0,0,0,0,Nephelium,lappaceum,untouched
36,11,6,12.9,2.725,15,0,0,0,0,0,0,0,0,0,0,0,0,Elaeocarpus,mastersii,untouched
37,10,5,21.6,2.55,16.8864989212714,0,0,0,0,0,0,0,1,1,1,0,0,Xylopia,fusca,untouched
38,11,1,18.8,3.075,12.7996921216367,0,0,0,0,0,0,0,0,0,0,0,0,Mezzetia,parviflora (leptopoda),untouched
39,15,4,12.4,1.425,14,0,0,0,0,0,0,0,0,0,0,0,0,Horsfieldia,crassifolia,untouched
40,13,2,8.4,1.775,5.5,0,0,0,0,0,0,0,0,0,0,0,1,Garcinia,sp. 4 parvifolia,untouched
41,18,5,11,2.775,13,1,0,0,0,0,0,0,0,0,0,1,1,Madhuca,mottleyana,untouched
42,19,7,8.5,1.65,7,0,0,0,0,0,0,0,0,0,0,0,0,Horsfieldia,crassifolia,untouched
43,19,2,12,2.35,8,0,0,0,0,0,0,0,0,0,0,0,0,Ilex,hypoglauca,untouched
44,17,0,10,2.625,11,0,0,0,0,0,0,0,1,1,1,0,0,Xylopia,fusca,untouched
45,19,0,11,1.15,13,0,0,0,0,0,0,0,0,0,0,0,0,Diospyros,areolata (bantamensis),untouched
46,20,4,9.8,2.6,15,0,0,0,0,0,0,0,0,0,1,0,0,Palaquium,pseudorostratum,untouched
47,21,5,19.8,3.975,7.08861877520599,0,0,0,0,0,0,0,0,0,0,0,0,Mesua,sp. 1,untouched
48,20,5,13.6,2.925,10.4489291724392,0,0,0,0,0,0,0,0,0,0,0,0,Stemonurus,cf. scorpiodes,untouched
49,21,11,7.3,1.525,8,0,0,0,0,0,0,0,0,0,0,0,0,Tetractomia,tetrandra,untouched
50,20,19,6.6,1.625,8,0,0,0,0,0,0,0,0,0,0,0,0,Calophyllum,cf. hosei (cf. fragrans),untouched
51,20,19,19.6,1.625,8,0,0,0,0,0,0,0,0,0,0,0,0,Nephelium,lappaceum,untouched
52,27,17,8.3,1.425,8,0,0,0,0,0,0,0,0,0,0,0,0,Gymnacranthera,farquhariania,untouched
53,27,15,8.7,1.6,13,0,0,0,0,0,0,0,0,0,0,0,0,Santiria,cf. griffithi,untouched
54,27,14,6.9,0.675,7,0,0,0,0,0,0,0,0,0,0,0,0,Gymnacranthera,farquhariania,untouched
55,26,13,29.5,5.325,15.7869670503452,0,0,0,0,0,0,0,0,0,0,0,0,Sandoricum,beccanarium,untouched
56,27,13,23.1,3.6,8.96092253047998,0,0,0,0,0,0,0,0,0,0,0,0,Blumeodendron,tokbrai (elateriospermum),untouched
57,29,12,8.4,1.65,11,0,0,0,0,0,1,1,0,0,1,0,0,Tetramerista,glabra,untouched
58,30,9,26.7,2.5,21.455822843346,1,0,0,0,0,0,0,0,0,0,1,1,Madhuca,mottleyana,untouched
59,29,7,9.8,1.375,12,0,0,0,0,0,0,0,0,0,0,0,0,Neoscortechinia,kingii,untouched
60,23,3,10.8,2.3,15,0,0,0,0,0,0,0,0,0,0,0,0,Neoscortechinia,kingii,untouched
61,26,1,8.4,0.975,13,0,0,0,0,0,0,0,0,0,0,0,0,Xylopia,cf. malayana,untouched
62,27,2,29.6,3.8,21.9,0,0,0,0,0,0,0,0,0,0,0,0,Stemonurus,cf. scorpiodes,untouched
63,26,0,29.3,2.85,25.8188910116685,0,0,0,0,0,0,0,0,0,0,0,0,Xylopia,coriifolia,untouched
64,32,1,12,2.6,13,0,0,0,0,0,0,0,0,0,0,0,0,Tetractomia,tetrandra,untouched
65,31,2,8,1.25,7,0,0,0,0,0,0,0,0,0,0,0,0,Palaquium,cochlearifolium,untouched
66,36,3,12.1,2.475,15,0,0,0,0,0,0,0,0,0,0,0,0,Mesua,sp. 1,untouched
67,37,3,15.1,2.5,17,0,0,0,0,0,0,0,0,0,0,0,0,Palaquium,ridleyii,untouched
68,39,2,21,4,17.0811467390601,0,0,0,0,0,0,0,0,0,0,0,0,Palaquium,ridleyii,untouched
69,37,1,25.2,2.475,23.7,0,0,0,0,0,0,0,0,0,0,0,0,Koompassia,malaccensis,untouched
70,37,0,41.5,2.125,16.2415523655835,0,0,0,0,0,0,0,0,0,0,0,1,Dyera,polyphylla (lowii),untouched
71,34,2,32,4.7,19.0096749249292,0,0,0,0,0,0,0,0,0,0,0,0,Mesua,sp. 1,untouched
72,34,3,19,4.325,22.4177123385695,0,0,0,0,0,0,0,0,0,0,0,0,Neoscortechinia,kingii,untouched
73,36,4,26.9,3.125,28.9321291162811,0,0,0,0,0,0,0,0,0,0,0,0,Palaquium,cochlearifolium,untouched
74,30,4,8.3,1.25,8,0,0,0,0,0,0,0,0,0,0,0,1,Dyera,polyphylla (lowii),untouched
75,28,6,14.5,1.325,10,0,0,0,0,0,0,0,0,0,0,0,0,Gymnacranthera,farquhariania,untouched
76,34,5,18.3,2.375,10.3767331118987,0,0,0,0,0,0,0,0,0,0,0,0,Blumeodendron,tokbrai (elateriospermum),untouched
77,39,13,9.5,1.725,11,0,0,0,0,0,0,0,0,0,0,0,0,Mesua,sp. 1,untouched
78,34,8,26,2.95,11.7768347915753,0,0,0,0,0,0,0,0,0,0,0,0,Dactylocladus,stenostachys,untouched
79,31,10,37,3.775,14.2017059221718,0,0,0,0,0,0,0,0,0,0,0,0,Koompassia,malaccensis,untouched
80,30,11,6.4,1.775,6,0,0,0,0,0,0,0,0,0,0,0,0,Tetractomia,tetrandra,untouched
81,31,13,10.8,1.35,13,0,0,0,0,0,0,0,0,0,0,0,1,Dyera,polyphylla (lowii),untouched
82,31,16,30.7,3.275,26.3527275309737,0,0,0,0,0,0,0,0,0,0,0,0,Litsea,cf. grandis var. rufofusca (cf. rufo-fusca),untouched
83,32,17,19.8,2.3,23.8300202985864,0,0,0,0,0,0,0,0,0,0,0,0,Shorea,teysmanniana,untouched
84,32,16,14.3,1.625,15.2940885027313,0,0,0,0,0,0,0,0,0,0,0,0,Shorea,teysmanniana,untouched
85,33,15,18.7,2.525,24.5008443370683,1,0,0,0,0,0,0,0,0,0,1,1,Madhuca,mottleyana,untouched
86,33,14,9.7,1.675,14,0,0,0,0,0,0,0,0,0,0,0,0,Tetractomia,tetrandra,untouched
87,34,19,27.5,2.9,15.4294737608008,0,0,0,0,0,0,0,0,0,0,0,0,Blumeodendron,tokbrai (elateriospermum),untouched
88,33,18,12.6,1.875,14,0,0,0,0,0,0,0,0,0,0,0,0,Dipterocarpus,borneensis,untouched
89,35,19,8.5,1.5,11,0,0,0,0,0,1,1,1,0,1,0,0,Syzygium,sp. 1 cf. garcinifolia,untouched
90,37,17,10.9,2.175,16,0,0,0,0,0,0,0,0,0,0,0,0,Mesua,sp. 1,untouched
91,36,15,8.2,2.025,8,0,0,0,0,0,0,0,0,0,0,0,0,Tetractomia,tetrandra,untouched
92,36,16,17.3,2.725,21.2,0,0,0,0,0,1,1,1,0,1,0,0,Sandoricum,beccanarium,untouched
93,38,14,17.9,2.8,15,0,0,0,0,0,0,0,0,0,0,0,0,Nephelium,lappaceum,untouched
94,39,11,26.2,3.275,21.8413096648997,0,0,0,0,0,0,0,0,0,0,0,0,Sandoricum,beccanarium,untouched
95,40,0,6.9,1.4,9,1,0,0,0,0,0,0,0,0,0,1,1,Madhuca,mottleyana,untouched
96,43,1,8.1,0.875,7,0,0,0,0,0,0,0,0,0,0,0,1,Dyera,polyphylla (lowii),untouched
97,44,1,22.7,3.5,21.1750759620208,0,0,0,0,0,0,0,0,0,0,0,0,Shorea,teysmanniana,untouched
98,43,5,18.8,3.3,17.1365077382376,0,0,0,0,0,0,0,0,0,0,0,0,Sandoricum,beccanarium,untouched
99,43,8,6.7,1.775,9,0,0,0,0,0,0,0,0,0,0,0,0,Tetractomia,tetrandra,untouched
100,42,10,34.7,5.2,23.8,0,0,0,0,0,0,0,0,0,0,0,0,Calophyllum,hosei,untouched
101,42,9,7.6,2.425,10,0,0,0,0,0,0,0,0,0,0,0,0,Dipterocarpus,borneensis,untouched
102,43,10,6.8,0.575,14,1,1,1,1,1,1,1,1,0,1,1,1,Diospyros,siamang,untouched
103,43,11,7,3.025,12.5,0,0,0,0,0,0,0,0,0,0,0,0,Koompassia,malaccensis,untouched
104,43,12,21.6,3.3,19.4085574574122,0,0,0,0,0,0,0,0,0,0,0,0,Neoscortechinia,kingii,untouched
105,45,11,13.7,1.55,20.8,0,0,0,0,0,0,0,0,0,0,0,1,Dyera,polyphylla (lowii),untouched
106,46,10,20.7,2.85,24.4896790569643,1,0,0,0,0,0,0,0,0,0,1,1,Madhuca,mottleyana,untouched
107,47,8,10.8,2.2,10,0,0,0,0,0,1,1,0,0,1,0,0,Tetramerista,glabra,untouched
108,46,13,14,2.375,21.2315842644542,0,0,0,0,0,0,0,0,0,1,0,0,Palaquium,pseudorostratum,untouched
109,43,14,13.2,2.75,15.6,0,0,0,0,0,0,0,0,0,0,0,0,Mezzetia,parviflora (leptopoda),untouched
110,45,16,35.9,5.025,32.2769819777084,0,0,0,0,0,0,0,0,0,0,0,0,Koompassia,malaccensis,untouched
111,45,17,18.3,4.85,19.7550214941408,0,0,0,2,0,0,2,2,2,2,2,0,Nephelium,maingayi,untouched
112,45,19,23.5,3.225,18.3995535591238,0,0,0,0,0,0,0,0,0,0,0,0,Litsea,sp. 1 cf. resinosa,untouched
113,43,19,12,2.15,13,0,0,0,0,0,0,0,0,0,0,0,0,Horsfieldia,crassifolia,untouched
114,49,19,18,1.975,18.9796099734023,0,0,0,0,0,0,0,0,0,1,0,0,Palaquium,pseudorostratum,untouched
115,50,20,15.7,3.2,15,1,0,0,0,0,0,0,0,0,1,1,0,Garcinia,bancana,untouched
116,54,18,8.2,1.875,13,0,0,0,0,0,0,0,0,0,0,0,0,Syzygium,havilandii,untouched
117,57,17,10.5,2.35,15,0,0,0,0,0,0,0,0,0,0,0,0,Syzygium,havilandii,untouched
118,58,15,19.9,2.375,21.7131477698913,0,0,0,0,0,0,0,0,0,0,0,0,Stemonurus,cf. scorpiodes,untouched
119,57,13,17.1,3.025,22.5,0,0,0,0,0,0,0,0,0,0,0,0,Litsea,cf. elliptica,untouched
120,58,11,14.9,2.475,11.6613647377374,0,0,0,0,0,0,0,0,0,0,0,0,Neoscortechinia,kingii,untouched
121,57,9,25.5,3.7,24.1781138720135,0,0,0,0,0,0,0,0,0,0,0,0,Mesua,sp. 1,untouched
122,54,11,11.3,2.4,15,0,0,0,0,0,0,0,0,0,0,0,0,Syzygium,havilandii,untouched
123,52,11,13.6,1.325,16,0,0,0,0,0,0,0,0,0,0,0,0,Syzygium,cf. valevenosum,untouched
124,51,10,10.1,2.175,13,0,0,0,0,0,0,0,0,0,0,0,0,Tetractomia,tetrandra,untouched
125,53,5,22.5,4.075,28.5989453618323,0,0,0,0,0,0,0,0,0,0,0,0,Campnosperma,coriaceum,untouched
126,54,5,19.4,4.9,18.2,1,0,0,0,0,0,0,0,0,2,2,0,Garcinia,bancana,untouched
127,56,2,16.2,2.575,20.0570502141395,0,0,0,0,0,0,0,0,0,0,0,0,Mesua,sp. 1,untouched
128,59,2,12.9,2.55,15,0,0,0,0,0,0,0,0,0,0,0,0,Stemonurus,cf. scorpiodes,untouched
129,52,0,13.6,2.075,15,0,0,0,0,0,0,0,0,0,0,0,0,Elaeocarpus,mastersii,untouched
130,50,2,20.3,2.425,23.1425835582229,0,0,0,0,0,0,0,0,0,0,0,0,Lithocarpus,conocarpus,untouched
131,51,2,6.8,1.675,10,0,0,0,0,0,0,0,0,0,0,0,0,Tetractomia,tetrandra,untouched
132,62,3,16.2,2.55,22.2850544415279,0,0,0,0,0,0,0,0,0,0,0,0,Shorea,teysmanniana,untouched
133,64,0,12.6,3.8,14,0,0,0,0,0,0,0,0,0,0,0,0,Santiria,cf. laevigata,untouched
134,65,0,13.2,2.85,13,1,0,0,0,0,0,0,0,0,1,1,0,Garcinia,bancana,untouched
135,62,5,32.9,5.95,25.4368067891674,0,0,0,0,0,0,0,0,0,0,0,0,Mesua,sp. 1,untouched
136,62,6,8,1.2,11,0,0,0,0,0,0,0,0,0,0,0,1,Dyera,polyphylla (lowii),untouched
137,80,6,37,3.875,22.7626990332376,0,0,0,0,0,0,0,0,0,0,1,0,Santiria,sp. 1,untouched
138,61,7,23.5,3.8,14.3445877244811,0,0,0,0,0,0,0,0,0,0,1,0,Santiria,sp. 1,untouched
139,62,9,21.2,4.75,16.8494465855656,0,0,0,0,0,0,0,0,0,0,0,0,Litsea,sp. 1 cf. resinosa,untouched
140,80,9,6.5,0.825,9,0,0,0,0,0,0,0,0,0,0,0,0,Syzygium,cf. valevenosum,untouched
141,61,10,6,1.625,9,0,0,0,0,0,0,0,0,0,0,0,0,Neoscortechinia,kingii,untouched
142,60,16,7.9,2.375,10,0,0,0,0,0,0,0,0,0,0,0,0,Diospyros,areolata (bantamensis),untouched
143,61,16,34.7,2.675,21.1,0,0,0,0,0,0,0,0,0,1,0,1,Palaquium,pseudorostratum,untouched
144,62,16,23.3,2.325,16.2,0,0,0,0,0,0,0,0,0,0,0,0,Palaquium,ridleyii,untouched
145,62,15,8.8,0.55,7,0,0,0,0,0,0,0,0,0,0,0,1,Dyera,polyphylla (lowii),untouched
146,65,13,10.8,1.5,17,0,0,0,0,0,0,0,0,0,0,0,0,Horsfieldia,crassifolia,untouched
147,66,13,14,1.55,17,0,0,0,0,0,0,0,0,0,0,0,0,Mezzetia,parviflora (leptopoda),untouched
148,66,14,8.5,1.425,12,0,0,0,0,0,0,0,0,0,0,0,0,Licania,splendens,untouched
149,67,13,18.8,1.6,17.5,1,0,0,0,0,0,0,0,0,0,1,1,Madhuca,mottleyana,untouched
150,68,14,14.6,1.2,16,0,0,0,0,0,0,0,0,0,0,0,0,Myristica,lowiana,untouched
151,70,16,6.8,1.3,11,0,0,0,0,0,0,0,0,0,0,0,0,Diospyros,areolata (bantamensis),untouched
152,73,15,17.7,2.725,12.8,0,0,0,0,0,0,0,1,0,0,0,0,Isonandra,lanceolata,untouched
153,79,15,26.5,5.6,21.4012572937154,0,0,0,0,0,0,0,0,0,0,0,0,Palaquium,ridleyii,untouched
154,76,13,16.4,2.55,16,0,0,0,0,0,0,0,1,0,0,0,0,Memecylon,sp. 1,untouched
155,79,11,31.5,3.75,23.9719237058512,0,0,0,0,0,0,0,1,1,1,0,0,Xylopia,fusca,untouched
156,74,12,9,1.85,13,0,0,0,0,0,0,0,0,0,0,0,0,Blumeodendron,tokbrai (elateriospermum),untouched
157,74,11,12.1,1.425,14,0,0,0,0,0,0,0,0,0,0,0,0,Isonandra,lanceolata,untouched
158,71,11,9.2,2.25,13,0,0,0,0,0,0,0,0,0,0,0,0,Neoscortechinia,kingii,untouched
159,72,9,19.2,3.1,13,0,0,0,0,0,0,0,0,0,0,0,0,Horsfieldia,crassifolia,untouched
160,74,7,24.2,3.325,13,0,0,0,0,0,0,0,0,0,0,0,0,Phoebe,cf. grandis,untouched
161,70,5,7.3,1.475,8,1,0,0,0,0,0,0,0,0,0,1,1,Madhuca,mottleyana,untouched
162,71,3,18.2,3.0875,17,0,0,0,0,0,0,0,0,0,0,0,0,Litsea,cf. elliptica,untouched
163,71,2,7.6,1.7,15,0,0,0,0,0,0,0,0,0,0,0,0,Blumeodendron,tokbrai (elateriospermum),untouched
164,71,1,23.6,4.075,17,0,0,0,0,0,0,0,0,0,0,0,0,Elaeocarpus,mastersii,untouched
165,66,4,10.7,2.275,16,0,0,0,0,0,0,0,0,0,0,0,0,Palaquium,cochlearifolium,untouched
166,74,3,27.3,3.45,27.9395852395268,0,0,0,0,0,1,1,0,0,1,0,0,Diospyros,areolata (bantamensis),untouched
167,75,5,25,2.7,22.4541096560296,0,0,0,0,0,0,0,0,0,0,0,0,Shorea,teysmanniana,untouched
168,76,7,9,1.3875,13,0,0,0,0,0,0,0,0,0,0,0,0,Tristaniopsis,sp. 4,untouched
169,79,5,22,3.45,16.7,0,0,0,0,0,0,0,0,0,0,0,0,Calophyllum,soulattri,untouched
170,79,1,6.2,1.1375,9,0,0,0,0,0,0,0,0,0,0,0,0,Syzygium,sp. 4,untouched
171,79,0,16.6,2.025,19.3,0,0,0,0,0,0,0,0,0,0,0,0,Mesua,sp. 1,untouched
172,80,0,7.2,2.475,7.5,0,0,0,0,0,0,0,0,0,0,0,1,Garcinia,sp. 4 parvifolia,untouched
173,82,3,26,4.05,19.6245520334292,0,0,0,0,0,0,0,0,0,0,0,0,Mezzetia,parviflora (leptopoda),untouched
174,84,2,7.3,1.35,11,0,0,0,0,0,0,0,0,0,0,0,0,Syzygium,sp. 4,untouched
175,84,1,18.8,2.05,18.4275960327994,0,0,0,0,0,0,0,0,0,0,0,0,Stemonurus,cf. scorpiodes,untouched
176,85,0,10.4,1.425,10,0,0,0,0,0,0,0,0,0,0,0,1,Dyera,polyphylla (lowii),untouched
177,85,1,7.3,1.15,6,0,0,0,0,0,0,0,0,0,0,0,0,Gymnacranthera,farquhariania,untouched
178,83,7,7.1,1.85,11,0,0,0,0,0,0,0,0,0,1,1,0,Maasia (Polyalthia),hypoleuca,untouched
179,83,9,11.4,2.775,16,0,0,0,0,0,0,0,0,0,0,0,0,Shorea,teysmanniana,untouched
180,84,9,12.7,2.275,16,0,0,0,0,0,0,0,0,0,0,0,0,Diospyros,sp. 1,untouched
181,83,10,35.4,3.2,26.70066468558,1,0,0,0,0,0,0,0,0,0,1,1,Madhuca,mottleyana,untouched
182,80,10,12.8,2.85,15,0,0,0,0,0,0,0,0,0,0,0,0,Neoscortechinia,kingii,untouched
183,80,16,15.8,2.525,15,0,0,0,0,0,0,0,0,0,0,0,0,Tetractomia,tetrandra,untouched
184,83,17,16.3,1.85,17,0,0,0,0,0,0,0,0,0,0,0,0,Maasia (Polyalthia),glauca,untouched
185,84,18,14.5,2.7,17,1,0,0,0,0,0,0,0,0,1,1,0,Garcinia,bancana,untouched
186,86,19,10.3,1.425,12,0,0,0,0,0,1,1,0,0,1,0,0,Tetramerista,glabra,untouched
187,88,18,10.2,1.775,16,0,0,0,0,0,0,0,0,0,0,0,0,Tetractomia,tetrandra,untouched
188,90,18,21.5,2.1,16,0,0,0,0,0,0,0,0,0,0,0,0,Tristaniopsis,sp. 4,untouched
189,92,19,26,1.975,14,0,0,0,0,0,0,0,0,0,0,0,0,Litsea,sp. 1 cf. resinosa,untouched
190,93,18,10,1.925,12,0,0,0,0,0,0,0,0,0,0,0,0,Syzygium,sp. 4,untouched
191,97,17,7.4,2.1,10,0,0,0,0,0,0,0,0,0,0,0,1,Garcinia,sp. 4 parvifolia,untouched
192,96,15,10.3,1.8125,13,0,0,0,0,0,0,0,0,0,0,0,0,Gonystylus,bancanus,untouched
193,97,14,20.5,3.575,18,0,0,0,0,0,0,0,0,0,0,0,0,Syzygium,sp. 4,untouched
194,99,13,16.6,2.3,18,0,0,0,0,0,0,0,0,0,0,0,0,Nephelium,maingayi,untouched
195,98,12,29.5,4.875,33.1348769457281,0,0,0,0,0,0,0,0,0,0,0,0,Koompassia,malaccensis,untouched
196,86,13,8.5,1.3,8,0,0,0,0,0,0,0,0,0,0,0,0,Stemonurus,cf. scorpiodes,untouched
197,92,12,28.4,3.7,27.9060230016595,1,0,0,0,0,0,0,0,0,0,1,1,Madhuca,mottleyana,untouched
198,91,12,23.4,2.575,21.3866612589015,0,0,0,0,0,0,0,0,0,0,0,0,Palaquium,cochlearifolium,untouched
199,93,12,24.6,3.525,24.5,0,0,0,0,0,0,0,0,0,0,0,0,Xylopia,coriifolia,untouched
200,93,11,25,3.1,22.5,0,0,0,0,0,0,0,0,0,0,0,0,Mesua,sp. 1,untouched
201,90,10,17.5,1.4,14,0,0,0,0,0,0,0,1,0,0,0,0,Myristica,lowiana,untouched
202,90,9,13.3,1.925,14,0,0,0,0,0,0,0,0,0,0,0,0,Magnolia,bintulensis,untouched
203,90,8,23.2,2.55,17,0,0,0,0,0,0,0,0,0,0,0,0,Magnolia,bintulensis,untouched
204,92,8,23.7,2.725,21.7590909967014,0,0,0,0,0,0,0,0,0,0,0,0,Syzygium,cf. valevenosum,untouched
205,90,7,14.4,2.325,16,0,0,0,0,0,0,0,0,0,0,0,0,Neoscortechinia,kingii,untouched
206,91,7,18.4,2.125,12,0,0,0,0,0,0,0,0,0,0,0,0,Tetractomia,tetrandra,untouched
207,90,6,7.1,1,10,0,0,0,0,0,0,0,0,0,0,0,0,Neoscortechinia,kingii,untouched
208,90,5,16.5,1.7,20,0,0,0,0,0,0,0,0,0,0,0,0,Diospyros,cf. evena,untouched
209,89,4,10,2.6,17,0,0,0,0,0,0,0,0,0,0,0,0,Blumeodendron,tokbrai (elateriospermum),untouched
210,88,4,19.7,2.775,19,0,0,0,0,0,0,0,0,0,0,0,0,Neoscortechinia,kingii,untouched
211,87,3,12.8,1.975,17,0,0,0,0,0,0,0,0,0,0,0,0,Vatica,mangachapoi,untouched
212,88,3,8,1.375,6,2,1,0,0,0,0,1,1,1,1,2,2,Aglaia,rubiginosa,untouched
213,88,2,18,2.45,15,0,0,0,0,0,0,0,0,0,0,0,0,Mesua,sp. 1,untouched
214,90,1,12.5,2.95,11,0,0,0,0,0,0,0,0,0,0,0,0,Koompassia,malaccensis,untouched
215,92,4,27.8,4.225,25.092111620543,1,0,0,0,0,0,0,0,0,0,1,1,Madhuca,mottleyana,untouched
216,97,4,20.5,2.5,15,0,0,0,0,0,0,0,0,0,0,0,0,Gymnacranthera,farquhariania,untouched
217,96,3,8,1.8,13,0,0,0,0,0,0,0,0,0,0,0,0,Elaeocarpus,mastersii,untouched
218,97,2,16.6,3.35,16,0,0,0,0,0,0,0,0,0,0,0,0,Litsea,sp. 1 cf. resinosa,untouched
219,0,20,13.8,2.415,15,0,0,0,0,0,0,0,0,0,0,0,0,Mesua,sp. 1,untouched
220,0,21,11,2.25,15,0,0,0,0,0,0,0,0,0,0,0,0,Nephelium,maingayi,untouched
221,5,22,13.3,2.05,16,1,0,0,0,0,0,0,0,0,0,1,1,Madhuca,mottleyana,untouched
222,5,24,13.4,1.825,15,1,0,0,0,0,0,0,0,0,0,1,1,Madhuca,mottleyana,untouched
223,3,31,10.7,3.4,9,0,0,0,0,0,0,0,0,0,0,0,0,Tetractomia,tetrandra,untouched
224,1,31,14.9,2.125,13,0,0,0,0,0,0,0,0,0,0,0,0,Tetractomia,tetrandra,untouched
225,0,33,13.5,2.65,15,0,0,0,0,0,0,0,0,0,0,0,0,Tetractomia,tetrandra,untouched
226,2,33,26.3,3.225,17,0,0,0,0,0,0,0,0,0,0,0,0,Campnosperma,squamatum,untouched
227,2,34,10.5,1.975,15,0,0,0,0,0,0,0,0,0,0,0,0,Tetractomia,tetrandra,untouched
228,3,35,7,2.05,8.5,0,0,0,0,0,0,0,0,0,0,0,0,Tetractomia,tetrandra,untouched
229,10,37,10.5,1.85,15,0,0,0,0,0,0,0,0,0,0,0,0,Nephelium,maingayi,untouched
230,10,39,20.6,3,25.246519562317,0,0,0,0,0,0,0,0,0,0,0,0,Mesua,sp. 1,untouched
231,3,36,8.5,1.6,9,0,0,0,0,0,0,0,0,0,0,0,0,Tetractomia,tetrandra,untouched
232,2,37,22.4,2.075,25.5,0,0,0,0,0,0,0,0,0,0,0,0,Dactylocladus,stenostachys,untouched
233,1,34,9.2,1.25,9,0,0,0,0,0,0,0,0,0,0,0,0,Xylopia,coriifolia,untouched
234,1,39,8.4,0.65,6,0,0,0,0,0,0,0,0,0,0,0,0,Horsfieldia,crassifolia,untouched
235,13,39,34.5,2.525,26.8079015565825,0,0,0,0,0,0,0,0,0,0,0,0,Shorea,teysmanniana,untouched
236,14,38,10,2.05,13,0,0,0,0,0,0,0,0,0,0,0,0,Stemonurus,cf. scorpiodes,untouched
237,13,37,9.1,1.775,15,0,0,0,0,0,0,0,0,0,0,0,0,Gonystylus,bancanus,untouched
238,13,36,14.7,1.275,17,0,0,0,0,0,0,0,0,0,0,0,0,Syzygium,sp. 4,untouched
239,14,35,11.8,2.025,17,0,0,0,0,0,0,0,0,0,0,0,0,Tetractomia,tetrandra,untouched
240,15,35,12.1,2.8,18,0,0,0,0,0,0,0,0,0,0,0,0,Lithocarpus,conocarpus,untouched
241,18,36,18.5,3.45,20.4627599809399,0,0,0,0,0,0,0,1,0,0,0,0,Neoscortechinia,kingii,untouched
242,13,35,26.3,2.7,36.8730153561092,0,0,0,0,0,0,0,0,0,0,0,0,Mezzetia,parviflora (leptopoda),untouched
243,20,34,25.2,4.475,22.7283714327067,0,0,0,0,0,0,0,0,0,0,0,0,Shorea,teysmanniana,untouched
244,17,29,34,4.65,26.0251467654205,0,0,0,0,0,0,0,1,1,1,0,0,Xylopia,fusca,untouched
245,45,32,22.2,3.675,22.8782984763482,0,0,0,0,0,0,0,0,0,0,0,0,Stemonurus,cf. scorpiodes,untouched
246,16,35,8.6,0.95,10,0,0,0,0,0,0,0,0,0,0,0,0,Shorea,teysmanniana,untouched
247,15,37,9.2,1.175,17,0,0,0,0,0,0,0,0,0,0,0,0,Diospyros,cf. evena,untouched
248,16,37,13.5,2.725,17,0,0,0,0,0,0,0,0,0,0,0,0,Elaeocarpus,mastersii,untouched
249,17,33,9.2,1.35,17,0,0,0,0,0,0,0,0,0,0,0,0,Tetractomia,tetrandra,untouched
250,18,32,7.1,3.05,11,0,0,0,0,0,0,0,0,0,0,0,0,Nephelium,maingayi,untouched
251,19,34,7.1,1.775,9,0,0,0,0,0,0,0,0,0,0,0,0,Tetractomia,tetrandra,untouched
252,18,34,6.5,1.3,9,0,0,0,0,0,0,0,0,0,0,0,0,Tetractomia,tetrandra,untouched
253,18,30,14.7,3.5,16,0,0,0,0,0,0,0,0,0,0,0,0,Elaeocarpus,mastersii,untouched
254,16,32,10.5,1.525,15.5,0,0,0,0,0,0,0,0,0,0,0,0,Calophyllum,hosei,untouched
255,15,32,7.6,0.85,7.5,0,0,0,0,0,0,0,1,0,0,0,0,Memecylon,sp. 1,untouched
256,11,31,19,1.325,17,0,0,0,0,0,0,0,0,0,1,0,0,Palaquium,pseudorostratum,untouched
257,11,30,16.6,3.9,15,0,0,0,0,0,0,0,0,0,0,0,0,Elaeocarpus,mastersii,untouched
258,8,28,13,2.475,18,0,0,0,0,0,0,0,1,1,1,0,0,Xylopia,fusca,untouched
259,7,31,10.2,1.55,16,0,0,0,0,0,0,0,0,0,0,0,0,Mezzetia,parviflora (leptopoda),untouched
260,4,26,10.7,1.95,13,1,0,0,0,0,0,0,0,0,0,1,1,Madhuca,mottleyana,untouched
261,6,22,27,3.175,17,0,0,0,0,0,0,0,0,0,0,0,0,Neoscortechinia,kingii,untouched
262,5,21,30,3.875,18,0,0,0,0,0,0,0,0,0,0,0,0,Palaquium,ridleyii,untouched
263,3,20,8.6,1.4,9,0,0,0,0,0,0,0,0,0,0,0,0,Horsfieldia,crassifolia,untouched
264,4,20,8.1,1.975,10,0,0,0,0,0,0,0,0,0,0,0,0,Lithocarpus,conocarpus,untouched
265,12,20,8.7,0.775,15,0,0,0,0,0,0,0,0,0,0,0,0,Sandoricum,beccanarium,untouched
266,14,22,8.4,1.725,13,0,0,0,0,0,0,0,0,0,0,0,0,Litsea,cf. elliptica,untouched
267,14,21,16.9,2.275,22.4,0,0,0,0,0,0,0,1,1,1,0,0,Xylopia,fusca,untouched
268,15,24,8.2,1.7,11,0,0,0,0,0,0,0,0,0,0,0,0,Tetractomia,tetrandra,untouched
269,18,23,21,2.95,22.8319244640857,0,0,0,0,0,0,0,1,1,1,0,0,Xylopia,fusca,untouched
270,20,22,7.2,0.5,6,0,0,0,0,0,0,0,0,0,0,0,0,Mezzetia,umbellata,untouched
271,22,22,35.5,2.8,31.0973763966812,1,0,0,0,0,0,0,0,0,1,1,0,Parartocarpus,venenosus,untouched
272,21,23,19.3,2.325,29.6,0,0,0,0,0,0,0,1,1,1,0,0,Xylopia,fusca,untouched
273,20,26,10.3,2.275,12,0,0,0,0,0,0,0,0,0,1,1,0,Maasia (Polyalthia),hypoleuca,untouched
274,21,26,9.8,1.225,10,0,0,0,0,0,0,0,0,0,0,0,0,Syzygium,sp. 4,untouched
275,21,27,14.9,2.5,21.8760331484293,0,0,0,0,0,0,0,0,0,0,0,0,Neoscortechinia,kingii,untouched
276,20,27,9.3,1.9,13,0,0,0,0,0,0,0,1,0,0,0,0,Santiria,cf. laevigata,untouched
277,21,29,6.9,2.675,8,0,0,0,0,0,0,0,0,0,1,1,0,Maasia (Polyalthia),hypoleuca,untouched
278,22,34,18,2.25,17,0,0,0,0,0,0,0,0,0,0,0,0,Gymnacranthera,farquhariania,untouched
279,20,35,25.6,3.25,30.1841896919988,0,0,0,0,0,0,0,1,0,0,0,0,Litsea,sp. 1 cf. resinosa,untouched
280,21,37,31,5.525,30.2394814286615,0,0,0,0,0,0,0,0,0,0,0,0,Lithocarpus,conocarpus,untouched
281,22,37,9,2.075,12,0,0,0,0,0,0,0,0,0,1,1,0,Maasia (Polyalthia),hypoleuca,untouched
282,23,38,14.6,2.1,15,0,0,0,0,0,0,0,0,0,0,0,0,Stemonurus,cf. scorpiodes,untouched
283,24,38,7.3,1.625,11,0,0,0,0,0,0,0,1,0,0,0,0,Memecylon,sp. 1,untouched
284,24,37,7,1.7,11,0,0,0,0,0,0,0,0,0,0,0,0,Nephelium,maingayi,untouched
285,24,36,21.4,2.95,23.2635350745747,0,0,0,0,0,0,0,0,0,1,0,0,Palaquium,pseudorostratum,untouched
286,28,34,9.6,2.85,16,0,0,0,0,0,0,0,0,0,0,0,0,Elaeocarpus,mastersii,untouched
287,26,33,11.3,2.75,11,0,0,0,0,0,0,0,0,0,0,0,0,Elaeocarpus,mastersii,untouched
288,27,27,10,1.925,13,0,0,0,0,0,0,0,1,0,0,0,0,Memecylon,sp. 1,untouched
289,27,22,9.4,0.925,8,0,0,0,0,0,0,0,0,0,0,0,0,Horsfieldia,crassifolia,untouched
290,29,36,10.5,0.9,17,0,0,0,0,0,0,0,0,0,0,0,0,Isonandra,lanceolata,untouched
291,31,39,18.5,3,17,0,0,0,0,0,0,0,1,0,0,0,0,Memecylon,sp. 1,untouched
292,32,37,8.4,1.8,15,0,0,0,0,0,0,0,0,0,0,0,0,Tetractomia,tetrandra,untouched
293,34,35,29.5,3.55,29.009195041061,1,0,0,0,0,0,0,0,0,0,1,1,Madhuca,mottleyana,untouched
294,39,36,8.6,1.55,13,0,0,0,0,0,0,0,0,0,0,0,0,Stemonurus,cf. scorpiodes,untouched
295,38,35,8,0.6,8,0,0,0,0,0,0,0,0,0,0,0,0,Gymnacranthera,farquhariania,untouched
296,37,34,11.3,1.7,8,0,0,0,0,0,0,0,0,0,0,0,0,Mesua,sp. 1,untouched
297,40,33,47,4.55,26.2534391197298,0,0,0,0,0,0,0,0,0,0,0,0,Diospyros,areolata (bantamensis),untouched
298,38,33,19.7,2.3,30.1,0,0,0,0,0,0,0,0,0,0,0,0,Calophyllum,hosei,untouched
299,39,32,7.3,1.125,6.5,0,0,0,0,0,0,0,0,0,0,0,0,Neoscortechinia,kingii,untouched
300,37,30,9.2,1.975,7,0,0,0,0,0,0,0,0,0,0,0,0,Campnosperma,coriaceum,untouched
301,33,31,30.4,4.45,20.8137754961415,0,0,0,0,0,0,0,0,0,0,0,0,Neoscortechinia,kingii,untouched
302,32,31,10.7,1.975,15,0,0,0,0,0,0,0,0,0,0,0,0,Blumeodendron,tokbrai (elateriospermum),untouched
303,28,29,9.8,2.25,12,0,0,0,0,0,0,0,0,0,0,0,0,Mesua,sp. 1,untouched
304,29,30,9,2.025,12.5,0,0,0,0,0,0,0,0,0,0,0,0,Elaeocarpus,mastersii,untouched
305,31,29,7.5,1.275,12,0,0,0,0,0,0,0,0,0,0,0,0,Tetractomia,tetrandra,untouched
306,31,28,16.3,2.675,15,1,0,0,0,0,0,0,0,0,1,1,0,Garcinia,bancana,untouched
307,33,27,27,3.7,21.2693198261184,0,0,0,0,0,0,0,0,0,0,0,0,Isonandra,lanceolata,untouched
308,35,30,8,1.85,11,0,0,0,0,0,0,0,0,0,0,0,0,Mesua,sp. 1,untouched
309,35,26,10.4,1.75,17,0,0,0,0,0,0,0,0,0,0,0,0,Tetractomia,tetrandra,untouched
310,39,26,14.8,3.225,13,0,0,0,0,0,0,0,0,0,0,0,0,Gymnacranthera,farquhariania,untouched
311,40,24,10.9,2.1,17,0,0,0,0,0,0,0,0,0,0,0,0,Tetractomia,tetrandra,untouched
312,37,24,12.3,1.525,15,0,0,0,0,0,0,0,1,0,0,0,0,Memecylon,sp. 1,untouched
313,37,22,9.1,1.1,17,0,0,0,0,0,0,0,0,0,0,0,0,Drepananthus (Cyathocalyx),biovulatus,untouched
314,37,21,17,2.05,18,1,0,0,0,0,0,0,0,0,0,1,1,Madhuca,mottleyana,untouched
315,34,23,6.6,1.575,10,0,0,0,0,0,0,0,0,0,0,0,0,Xylopia,cf. malayana,untouched
316,35,21,6,2.1,9,0,0,0,0,0,0,0,0,0,0,0,0,Xylopia,cf. malayana,untouched
317,32,20,10,1.2,17,0,0,0,0,0,0,0,0,0,0,0,0,Vatica,mangachapoi,untouched
318,30,21,16.2,2.725,14,0,0,0,0,0,0,0,1,0,0,0,0,Memecylon,sp. 1,untouched
319,30,20,6.9,0.45,6,1,0,0,0,0,0,0,0,0,1,1,0,Parartocarpus,venenosus,untouched
320,31,23,6.5,1.675,11,0,0,0,0,0,0,0,0,0,0,0,0,Litsea,cf. elliptica,untouched
321,30,25,15,2.45,16,0,0,0,0,0,0,0,0,0,0,0,0,Calophyllum,hosei,untouched
322,28,27,26.5,3.775,18.785452402252,0,0,0,0,0,0,0,0,0,0,0,0,Neoscortechinia,kingii,untouched
323,41,20,67,4.4,35.172377494775,0,0,1,1,0,0,0,0,0,0,0,0,Combretocarpus,rotundatus,untouched
324,44,21,21.5,1.9375,20.5211401749564,1,1,0,0,0,0,1,1,1,1,1,1,Aglaia,rubiginosa,untouched
325,46,21,24,2.85,22.0160808695445,0,0,0,0,0,0,0,0,0,0,0,0,Xylopia,coriifolia,untouched
326,47,22,8,1.7275,11,0,0,0,0,0,0,0,0,0,0,0,0,Litsea,sp. 1 cf. resinosa,untouched
327,48,23,9.5,2.875,12,0,0,0,0,0,0,0,0,0,0,0,0,Elaeocarpus,mastersii,untouched
328,46,25,9.5,1.45,8,0,0,0,0,0,0,0,0,0,0,0,0,Gymnacranthera,farquhariania,untouched
329,46,26,24,2.9,20.4489463767632,0,0,0,0,0,0,0,1,0,0,0,0,Memecylon,sp. 1,untouched
330,43,27,24,3.15,23.8052691685134,0,0,0,0,0,0,0,0,0,0,0,0,Calophyllum,sclerophyllum,untouched
331,42,27,49,5.475,24.0454340510326,0,0,0,0,0,0,0,0,0,0,0,0,Vatica,mangachapoi,untouched
332,40,25,7,1.475,11,0,0,0,0,0,0,0,0,0,0,0,0,Diospyros,areolata (bantamensis),untouched
333,40,27,10,1.65,13,0,0,0,0,0,0,0,0,0,0,0,0,Diospyros,areolata (bantamensis),untouched
334,41,23,16,1.8,18,0,0,0,0,0,0,0,0,0,0,0,0,Xylopia,cf. malayana,untouched
335,43,29,13,2.225,11,0,0,0,0,0,0,0,0,0,0,0,0,Neoscortechinia,kingii,untouched
336,44,30,32.5,2.625,27.51007850376,0,0,0,0,0,0,0,0,0,0,0,0,Palaquium,ridleyii,untouched
337,46,29,6.8,1.2125,6,0,0,0,0,0,0,0,0,0,0,0,0,Gonystylus,bancanus,untouched
338,44,29,7,1.35,12,1,0,0,0,0,0,0,0,0,0,1,1,Madhuca,mottleyana,untouched
339,42,30,10.5,1.225,14,0,0,0,0,0,0,0,0,0,0,0,0,Horsfieldia,crassifolia,untouched
340,43,33,20.5,3.375,19,0,0,0,0,0,0,0,0,0,0,0,0,Neoscortechinia,kingii,untouched
341,45,33,18.2,2.4,18,0,0,0,0,0,0,0,0,0,0,0,0,Calophyllum,hosei,untouched
342,45,34,14.3,2.725,14,0,0,0,0,0,0,0,0,0,0,0,0,Mesua,sp. 1,untouched
343,46,35,10.5,1.325,15,0,0,0,0,0,0,0,0,0,0,0,0,Ilex,hypoglauca,untouched
344,46,37,19.8,2.1,17,0,0,0,0,0,0,0,0,0,0,0,0,Mesua,sp. 1,untouched
345,45,37,15.4,1.925,15,0,0,0,0,0,0,0,0,0,0,0,0,Gymnacranthera,farquhariania,untouched
346,44,39,7.7,1.68,10,0,0,0,0,0,0,0,0,0,0,0,0,Horsfieldia,crassifolia,untouched
347,45,40,52.3,3.825,18,0,0,0,0,0,0,0,0,0,0,0,0,Calophyllum,hosei,untouched
348,41,39,10.5,1.8,14,0,0,0,0,0,0,0,0,0,0,0,0,Nephelium,maingayi,untouched
349,41,36,8.4,1.325,9.5,0,0,0,0,0,0,0,0,0,0,0,0,Tetractomia,tetrandra,untouched
350,42,36,9.7,1.7675,15,0,0,0,0,0,0,0,0,0,0,0,0,Syzygium,sp. 4,untouched
351,43,36,29.7,2.625,24.8,0,0,0,0,0,0,0,0,0,0,0,0,Diospyros,areolata (bantamensis),untouched
352,42,35,9.9,1.715,13,0,0,0,0,0,0,0,0,0,0,0,0,Gymnacranthera,farquhariania,untouched
353,40,35,34.1,2.5,27.0440878410714,0,0,0,0,0,0,0,0,0,0,0,0,Shorea,teysmanniana,untouched
354,49,32,8.9,1.2375,8,0,0,0,0,0,0,0,0,0,0,0,0,Tetractomia,tetrandra,untouched
355,50,33,10,2.2575,8,0,0,0,0,0,0,0,0,0,0,0,0,Isonandra,lanceolata,untouched
356,53,33,12.3,2.9,10,0,0,0,0,0,0,0,0,0,0,0,0,Tetractomia,tetrandra,untouched
357,52,36,10.5,1.71,8,0,0,0,0,0,0,0,0,0,0,0,0,Tetractomia,tetrandra,untouched
358,54,32,7.5,1.1,6,0,0,0,0,0,0,0,0,0,0,0,0,Magnolia,bintulensis,untouched
359,57,32,15.7,3.475,13,0,0,0,0,0,0,0,0,0,0,0,0,Elaeocarpus,mastersii,untouched
360,56,31,14.9,0.925,13,0,0,0,0,0,0,0,0,0,0,0,0,Horsfieldia,crassifolia,untouched
361,56,29,12.7,2.175,14,0,0,0,0,0,0,0,0,0,0,0,0,Stemonurus,cf. scorpiodes,untouched
362,57,29,13.8,2.7875,14,0,0,0,0,0,0,0,0,0,0,0,0,Nephelium,maingayi,untouched
363,54,29,9.6,0.85,8,0,0,0,0,0,0,0,0,0,0,0,0,Horsfieldia,crassifolia,untouched
364,52,27,10.3,2.225,9,0,0,0,0,0,0,0,0,0,0,0,0,Litsea,sp. 1 cf. resinosa,untouched
365,50,27,11.9,1.225,17,0,0,0,0,0,0,0,0,0,0,0,0,Sandoricum,beccanarium,untouched
366,51,21,14.3,2.55,17,1,0,0,0,0,0,0,0,0,0,1,1,Madhuca,mottleyana,untouched
367,50,24,9.5,2.225,15.5,0,0,0,0,0,0,0,0,0,0,0,0,Shorea,teysmanniana,untouched
368,50,22,10.6,1.825,15.5,0,0,0,0,0,0,0,0,0,0,0,0,Tetractomia,tetrandra,untouched
369,55,25,21.7,4.24,17,0,0,0,0,0,0,0,0,0,0,0,0,Neoscortechinia,kingii,untouched
370,54,23,13.4,1.7825,17,0,0,0,0,0,0,0,0,0,0,0,0,Santiria,cf. laevigata,untouched
371,57,23,14.3,4.27,16,0,0,0,0,0,0,0,0,0,0,0,0,Elaeocarpus,mastersii,untouched
372,54,20,7.6,0.6875,8,1,0,0,0,0,0,0,0,0,0,1,1,Madhuca,mottleyana,untouched
373,58,22,10.8,1.65,10,0,0,0,0,0,0,0,0,0,0,0,0,Horsfieldia,crassifolia,untouched
374,61,24,11.7,2.675,11,0,0,0,0,0,0,0,0,0,0,0,0,Litsea,cf. elliptica,untouched
375,61,25,7.2,1.975,12,0,0,0,0,0,0,0,0,0,0,0,0,Syzygium,sp. 4,untouched
376,63,25,26,4.3,19,0,0,0,0,0,0,0,0,0,0,0,0,Calophyllum,sclerophyllum,untouched
377,63,24,6.7,1.46,9,0,0,0,0,0,0,0,0,0,0,0,0,Gonystylus,bancanus,untouched
378,65,23,13.7,3.15,10,0,0,0,0,0,0,0,0,0,0,0,0,Elaeocarpus,mastersii,untouched
379,65,21,8.3,0.6,8,0,0,0,0,0,0,0,0,0,0,0,0,Gymnacranthera,farquhariania,untouched
380,65,27,6.6,1.025,8,0,0,0,0,0,0,0,0,0,0,0,0,Gymnacranthera,farquhariania,untouched
381,67,27,12.2,1.7,18,0,0,0,0,0,0,0,0,0,0,0,0,Ilex,hypoglauca,untouched
382,62,27,5.9,1.625,9,0,0,0,0,0,0,0,0,0,0,0,0,Stemonurus,cf. scorpiodes,untouched
383,65,29,10.2,1.6,12,0,0,0,0,0,0,0,0,0,0,0,0,Gonystylus,bancanus,untouched
384,66,31,22.3,2.975,22.0153318950286,0,0,0,0,0,0,0,0,0,0,0,0,Shorea,teysmanniana,untouched
385,66,32,11.3,1.825,12,0,0,0,0,0,0,0,0,0,0,0,0,Syzygium,sp. 4,untouched
386,63,33,24.2,3.875,18,0,0,0,0,0,0,0,0,0,0,0,0,Tetractomia,tetrandra,untouched
387,61,34,17.8,2.95,15,0,0,0,0,0,1,1,1,0,1,0,0,Syzygium,sp. 1 cf. garcinifolia,untouched
388,65,36,8.7,1.575,11,0,0,0,0,0,0,0,0,0,0,0,0,Gymnacranthera,farquhariania,untouched
389,64,36,7.7,1.125,10,0,0,0,0,0,0,0,0,0,0,0,0,Palaquium,ridleyii,untouched
390,62,38,9.8,1.1,8,0,0,0,0,0,0,0,0,0,0,0,0,Litsea,sp. 1 cf. resinosa,untouched
391,62,37,9.2,1.825,17,0,0,0,0,0,0,0,0,0,0,0,0,Koompassia,malaccensis,untouched
392,61,37,7.4,0.7,3.5,0,0,0,0,0,0,0,0,0,0,0,0,Gonystylus,bancanus,untouched
393,63,39,6.3,1.75,9,0,0,0,0,0,0,0,0,0,0,0,0,Xylopia,cf. malayana,untouched
394,68,27,10.9,1.9,16,0,0,0,0,0,0,0,0,0,0,0,0,Syzygium,sp. 4,untouched
395,69,36,12.3,1.815,16,0,0,0,0,0,0,0,0,0,0,0,0,Diospyros,areolata (bantamensis),untouched
396,70,36,16.2,2.825,17,1,0,0,0,0,0,0,0,0,1,1,0,Garcinia,bancana,untouched
397,68,39,8.8,2.125,9,0,0,0,0,0,0,0,0,0,0,0,0,Syzygium,sp. 4,untouched
398,70,39,17.5,3.3875,16,0,0,0,0,0,0,0,0,0,0,0,0,Syzygium,sp. 4,untouched
399,71,38,7.5,2.375,14,0,0,0,0,0,0,0,0,0,0,0,0,Campnosperma,squamatum,untouched
400,70,35,18.3,2.225,19,0,0,0,0,0,0,0,0,0,0,0,0,Shorea,teysmanniana,untouched
401,71,36,15,2.525,17,0,0,0,0,0,0,0,0,0,0,0,0,Xylopia,cf. malayana,untouched
402,73,37,12.8,2.875,14,0,0,0,0,0,0,0,0,0,0,0,0,Elaeocarpus,mastersii,untouched
403,75,36,11.6,2.2425,17,0,0,0,0,0,0,0,0,0,0,0,0,Blumeodendron,tokbrai (elateriospermum),untouched
404,75,35,12.9,2.275,17,0,0,0,0,0,0,0,0,0,0,0,0,Mesua,sp. 1,untouched
405,79,36,12.7,2.1,13,0,0,0,0,0,0,0,0,0,0,0,0,Tetractomia,tetrandra,untouched
406,76,34,7.1,1.875,12,0,0,0,0,0,0,0,0,0,0,0,0,Tetractomia,tetrandra,untouched
407,78,34,20.2,2.35,19.2,0,0,0,0,0,0,0,0,0,0,0,0,Calophyllum,sclerophyllum,untouched
408,78,29,12.5,2.1375,13,0,0,0,0,0,0,0,0,0,0,0,0,Campnosperma,coriaceum,untouched
409,79,31,6.9,1.375,13,0,0,0,0,0,0,0,0,0,0,0,0,Xylopia,cf. malayana,untouched
410,75,31,19.5,4.2,17.7072727973611,0,0,0,0,0,0,0,0,0,0,0,0,Campnosperma,squamatum,untouched
411,74,33,15,3.7,17,0,0,0,0,0,0,0,0,0,0,0,0,Elaeocarpus,mastersii,untouched
412,70,31,33.4,2.95,30.694986075649,0,0,0,1,0,0,1,1,1,1,1,0,Palaquium,leiocarpum,untouched
413,68,31,26.3,4.025,19.5907926710706,0,0,0,0,0,0,0,1,1,1,0,0,Xylopia,fusca,untouched
414,68,32,15,2.58,18,0,0,0,0,0,0,0,0,0,0,0,0,Shorea,teysmanniana,untouched
415,69,29,12.6,1.95,12,0,0,1,1,0,0,0,0,0,0,0,0,Combretocarpus,rotundatus,untouched
416,73,29,6.1,2.025,6,0,0,0,0,0,0,0,0,0,0,0,0,Tetractomia,tetrandra,untouched
417,69,23,31.2,3.225,32.0418441578028,0,0,0,0,0,0,0,0,0,0,0,0,Diospyros,areolata (bantamensis),untouched
418,69,22,7,1.7,8,0,0,0,0,0,0,0,0,0,0,0,0,Palaquium,cochlearifolium,untouched
419,70,24,17.6,2.825,18,0,0,0,0,0,0,0,0,0,0,0,0,Elaeocarpus,mastersii,untouched
420,73,24,14.7,2.35,14,0,0,0,0,0,0,0,0,0,0,0,0,Litsea,sp. 1 cf. resinosa,untouched
421,73,22,6.8,0.95,6.5,0,0,0,0,0,0,0,0,0,0,0,0,Magnolia,bintulensis,untouched
422,74,25,7.8,1.675,7,0,0,0,0,0,0,0,0,0,0,0,0,Nephelium,maingayi,untouched
423,76,26,6.5,1.4,6,0,0,0,0,0,0,0,0,0,0,0,0,Mesua,sp. 1,untouched
424,76,25,10.6,1.325,8,0,0,0,0,0,0,0,0,0,0,0,0,Palaquium,ridleyii,untouched
425,62,23,13.2,3.675,10,0,0,0,0,0,0,0,0,0,0,0,0,Elaeocarpus,mastersii,untouched
426,82,20,7,1.625,10,0,0,0,0,0,0,0,0,0,0,0,0,Palaquium,cochlearifolium,untouched
427,87,20,7.4,1.25,9,0,0,0,0,0,0,0,0,0,0,0,0,Sandoricum,beccanarium,untouched
428,86,22,12,3.05,9,0,0,0,0,0,0,0,0,0,0,0,0,Campnosperma,squamatum,untouched
429,86,23,12.3,2.4,13,0,0,0,0,0,1,1,1,0,1,0,0,Litsea,sp. 1 cf. resinosa,untouched
430,87,24,40.7,4.65,26,0,0,0,0,0,0,0,0,0,0,0,0,Shorea,teysmanniana,untouched
431,86,26,7.9,1.725,11,0,0,0,0,0,0,0,0,0,0,0,0,Tetractomia,tetrandra,untouched
432,83,26,10.4,3.3125,18,0,0,0,0,0,0,0,0,0,1,0,0,Palaquium,pseudorostratum,untouched
433,82,26,7.8,0.125,7.5,0,0,0,0,0,0,0,0,0,0,0,1,Dyera,polyphylla (lowii),untouched
434,81,25,17.1,2.6775,13,0,0,0,0,0,0,0,0,0,0,0,0,Mesua,sp. 1,untouched
435,80,23,17.8,3.475,14,0,0,0,0,0,1,1,1,0,1,0,0,Syzygium,sp. 1 cf. garcinifolia,untouched
436,80,27,6.3,1.25,11,0,0,0,0,0,0,0,0,0,0,0,0,Syzygium,sp. 5 cf. zeylanicum,untouched
437,81,28,14,2.0625,10,0,0,0,0,0,0,0,0,0,0,0,0,Gonystylus,bancanus,untouched
438,82,30,11,2.5025,17,0,0,0,0,0,0,0,0,0,0,0,0,Tetractomia,tetrandra,untouched
439,81,33,14.4,2.0125,17,0,0,0,0,0,0,0,0,0,0,0,0,Tetractomia,tetrandra,untouched
440,81,37,8.2,1.3125,7.5,0,0,0,0,0,0,0,0,0,0,0,0,Gymnacranthera,farquhariania,untouched
441,82,34,7.5,1.65,11,0,0,0,0,0,0,0,0,0,0,0,0,Syzygium,sp. 4,untouched
442,83,39,14.5,2.525,17,0,0,0,0,0,0,0,0,0,0,0,0,Horsfieldia,crassifolia,untouched
443,86,39,14,2.825,16,0,0,0,0,0,0,0,0,0,0,0,0,Horsfieldia,crassifolia,untouched
444,85,37,8.7,1.85,8,0,0,0,0,0,0,0,0,0,0,0,0,Gonystylus,bancanus,untouched
445,86,34,15.3,2.5375,18,0,0,0,0,0,0,0,0,0,1,0,0,Palaquium,pseudorostratum,untouched
446,88,20,14,2.5,10,0,0,0,0,0,0,0,0,0,1,0,0,Litsea,sp. 1 cf. resinosa,untouched
447,89,21,13.5,2.4,13,0,0,0,0,0,0,0,0,0,0,0,0,Palaquium,cochlearifolium,untouched
448,88,24,16.2,2.3875,13,0,0,0,0,0,0,0,0,0,0,0,0,Ternstroemia,magnifica,untouched
449,90,25,8,1.6375,12,0,0,0,0,0,0,0,0,0,0,0,0,Tetractomia,tetrandra,untouched
450,91,25,12.5,1.9875,13.5,0,0,0,0,0,0,0,0,0,0,0,0,Santiria,cf. laevigata,untouched
451,92,20,31.1,3.85,7.3,0,0,0,0,0,0,0,0,0,0,0,0,Koompassia,malaccensis,untouched
452,94,21,17.7,3.0875,18,0,0,0,0,0,0,0,0,0,0,0,0,Myristica,lowiana,untouched
453,95,22,12.5,2.625,16,0,0,0,0,0,0,0,0,0,0,0,0,Campnosperma,squamatum,untouched
454,96,24,7.6,1.3375,9,1,0,0,0,0,0,0,0,0,0,1,1,Madhuca,mottleyana,untouched
455,97,24,9.6,1.5125,7.5,0,0,0,0,0,0,0,0,0,0,0,0,Magnolia,bintulensis,untouched
456,99,23,8.1,1.6,9,0,0,0,0,0,0,0,0,0,0,0,0,Tetractomia,tetrandra,untouched
457,98,27,18.7,3.4875,14,0,0,0,0,0,0,0,0,0,0,0,0,Neoscortechinia,kingii,untouched
458,98,28,19.6,2.1625,16,0,0,0,0,0,0,0,0,0,0,0,0,Shorea,teysmanniana,untouched
459,99,28,6.5,3.125,6,0,0,0,0,0,0,0,0,0,0,0,0,Gymnacranthera,farquhariania,untouched
460,99,29,10,2.125,13,0,0,0,0,0,0,0,0,0,0,0,0,Litsea,sp. 1 cf. resinosa,untouched
461,97,27,6.1,0.8125,8,0,0,0,0,0,0,0,0,0,0,0,0,Litsea,sp. 1 cf. resinosa,untouched
462,96,29,9,1.25,10,0,0,0,0,0,0,1,1,1,0,0,0,Baccaurea,bracteata,untouched
463,94,29,17.9,2.1625,18,0,0,0,0,0,0,0,0,0,1,0,0,Palaquium,pseudorostratum,untouched
464,94,27,6,1.8,7.5,0,0,0,0,0,0,0,0,0,0,0,0,Litsea,sp. 1 cf. resinosa,untouched
465,91,30,20.3,2.4375,18,0,0,0,0,0,0,0,0,0,0,0,0,Vatica,mangachapoi,untouched
466,91,31,29.7,3.975,20,0,0,0,0,0,0,0,0,0,0,0,0,Diospyros,areolata (bantamensis),untouched
467,92,31,9.6,1.7625,9.5,0,0,0,0,0,0,0,0,0,0,0,0,Gymnacranthera,farquhariania,untouched
468,93,32,9.3,1.1375,11,0,0,0,0,0,0,0,0,0,0,0,0,Mesua,sp. 1,untouched
469,88,30,8.6,1.55,11,0,0,0,0,0,0,0,0,0,0,0,0,Palaquium,cochlearifolium,untouched
470,88,32,10.4,2.225,12,0,0,0,0,0,0,0,0,0,0,0,0,Gonystylus,bancanus,untouched
471,88,34,14,1.675,17,0,0,0,0,0,0,0,0,0,0,0,0,Isonandra,lanceolata,untouched
472,87,35,38.9,4.45,18,0,0,0,0,0,0,0,0,0,0,0,0,Palaquium,ridleyii,untouched
473,89,33,6.6,1.75,8,1,0,0,0,0,0,0,0,0,1,1,0,Garcinia,sp. 11,untouched
474,3,40,13.8,1.8,12.5,0,0,0,0,0,0,0,0,0,0,0,0,Palaquium,cochlearifolium,untouched
475,2,41,13,3.75,13,0,0,0,0,0,0,0,0,0,0,0,0,Mesua,sp. 1,untouched
476,2,43,6.7,1.2,6,0,0,0,0,0,0,0,1,1,1,0,0,Xylopia,fusca,untouched
477,1,43,6.8,1.075,5,0,0,0,0,0,0,0,0,0,0,0,0,Mezzetia,umbellata,untouched
478,0,46,10.8,3,11,0,0,0,0,0,0,0,0,0,0,0,0,Elaeocarpus,mastersii,untouched
479,0,52,12,2.2,11,0,0,0,0,0,0,0,0,0,0,0,0,Elaeocarpus,mastersii,untouched
480,1,53,13,2.775,15,0,0,0,0,0,0,0,0,0,0,0,0,Litsea,cf. elliptica,untouched
481,1,56,7.5,1.55,8.5,0,0,0,0,0,0,0,0,0,1,1,0,Maasia (Polyalthia),hypoleuca,untouched
482,1,59,10.3,2.15,10.5,0,0,0,0,0,0,0,0,0,0,0,0,Elaeocarpus,mastersii,untouched
483,5,58,8.7,1.075,5,0,0,0,0,0,0,0,0,0,0,0,0,Myristica,lowiana,untouched
484,5,59,10.6,2.9,11.5,0,0,0,0,0,0,0,0,0,1,1,0,Maasia (Polyalthia),hypoleuca,untouched
485,6,57,6.1,1.325,7,0,0,0,0,0,0,0,0,0,0,0,0,Diospyros,areolata (bantamensis),untouched
486,7,56,7.6,1.075,9,0,0,0,0,0,0,0,0,0,0,0,0,Dipterocarpus,borneensis,untouched
487,9,58,6,0.7,7.5,1,0,0,0,0,0,0,0,0,1,1,0,Garcinia,bancana,untouched
488,9,57,14.1,2.4,17.5,0,0,0,0,0,0,0,0,0,0,0,0,Calophyllum,hosei,untouched
489,7,54,6.9,2.35,7.5,0,0,0,0,0,0,0,0,0,0,0,0,Elaeocarpus,mastersii,untouched
490,6,52,18.6,4.625,15.5,0,0,0,0,0,0,0,0,0,0,0,0,Elaeocarpus,mastersii,untouched
491,5,54,11.7,1.7,12.5,0,0,0,0,0,0,0,0,0,0,0,0,Nephelium,lappaceum,untouched
492,4,53,6.3,1.75,5.5,0,0,0,0,0,0,0,0,0,0,0,1,Garcinia,sp. 4 parvifolia,untouched
493,2,44,46.3,6.175,29.5062094259639,0,0,0,0,0,0,0,0,0,0,0,0,Calophyllum,sclerophyllum,untouched
494,3,46,19.9,3.475,16.5,0,0,0,0,0,0,0,0,0,0,0,0,Campnosperma,coriaceum,untouched
495,4,44,18,2.875,16,0,0,0,0,0,0,0,0,0,0,0,0,Tristaniopsis,sp. 4,untouched
496,5,46,10.8,2.125,11,0,0,0,0,0,0,0,0,0,0,0,0,Mesua,sp. 1,untouched
497,4,45,10.3,1.825,11.5,0,0,0,0,0,1,1,1,0,1,0,0,Syzygium,sp. 1 cf. garcinifolia,untouched
498,6,41,41.3,4.925,29.4593184723454,0,0,0,0,0,0,0,0,0,0,0,0,Shorea,teysmanniana,untouched
499,1,50,10.8,1.975,12,0,0,0,0,0,0,0,0,0,1,0,0,Palaquium,pseudorostratum,untouched
500,8,44,9.3,1.525,8,0,0,0,0,0,0,0,0,0,0,0,0,Tetractomia,tetrandra,untouched
501,9,43,33.2,3.075,27.0440878410714,0,0,0,0,0,0,0,0,0,0,0,0,Shorea,teysmanniana,untouched
502,13,41,9.6,3.5,9.5,0,0,0,0,0,0,0,0,0,1,1,0,Maasia (Polyalthia),hypoleuca,untouched
503,14,41,10.6,2.55,7.5,0,0,0,0,0,0,0,0,0,0,0,0,Xylopia,cf. malayana,untouched
504,20,43,30.3,4.75,21.0924053026726,0,0,0,0,0,0,0,0,0,0,0,0,Diospyros,areolata (bantamensis),untouched
505,20,44,34.6,6.025,26.6079081449839,0,0,0,1,0,0,1,1,1,1,1,0,Palaquium,leiocarpum,untouched
506,17,47,32.7,5.325,27.2368490405924,1,0,0,0,0,0,0,0,0,0,1,1,Madhuca,mottleyana,untouched
507,18,48,15.7,1.95,17.5,1,0,0,0,0,0,0,0,0,0,1,1,Madhuca,mottleyana,untouched
508,18,50,11,1.775,12.5,0,0,0,0,0,0,0,0,0,0,0,0,Blumeodendron,tokbrai (elateriospermum),untouched
509,18,51,10.6,2.525,11,0,0,0,0,0,0,0,0,0,0,0,0,Nephelium,lappaceum,untouched
510,16,50,16.3,2.425,14,0,0,0,0,0,0,0,0,0,0,0,0,Palaquium,cochlearifolium,untouched
511,14,50,8.5,3.025,8.5,0,0,0,0,0,0,0,0,0,0,0,0,Lithocarpus,conocarpus,untouched
512,14,52,12.9,2.425,15.5,1,0,0,0,0,0,0,0,0,0,1,1,Sandoricum,beccanarium,untouched
513,16,52,9.6,1.9,11,0,0,0,0,0,0,0,0,0,0,0,0,Tetractomia,tetrandra,untouched
514,13,52,8.5,1.55,10,0,0,0,0,0,0,0,0,0,0,0,0,Lithocarpus,conocarpus,untouched
515,14,55,7.7,0.8,9.5,0,0,0,0,0,0,0,0,0,0,0,0,Dactylocladus,stenostachys,untouched
516,13,57,13.8,3.85,12.5,0,0,0,0,0,0,0,0,0,0,0,0,Elaeocarpus,mastersii,untouched
517,15,55,8.8,0.425,11.5,0,0,0,0,0,0,0,0,0,0,0,0,Palaquium,cochlearifolium,untouched
518,14,53,18.4,2.125,17.5,0,0,0,0,0,0,0,0,0,0,0,0,Stemonurus,cf. scorpiodes,untouched
519,16,53,8.7,1.3,10.5,1,0,0,0,0,0,0,0,0,0,1,1,Madhuca,mottleyana,untouched
520,19,53,11.7,2.25,13,0,0,0,0,0,0,0,0,0,0,0,0,Tetractomia,tetrandra,untouched
521,18,58,44.7,5.325,30.375925385559,1,0,0,0,0,0,0,0,0,0,1,1,Koompassia,malaccensis,untouched
522,15,58,30.6,3.2,27.5,1,0,0,0,0,0,0,0,0,0,1,1,Madhuca,mottleyana,untouched
523,16,58,9.3,1.075,13.5,0,0,0,0,0,0,0,0,0,0,0,0,Ilex,hypoglauca,untouched
524,13,59,17.6,3.825,15,0,0,0,0,0,0,0,0,0,0,0,0,Elaeocarpus,mastersii,untouched
525,20,40,15.2,2.1,13,0,0,0,0,0,0,0,0,0,0,0,0,Stemonurus,cf. scorpiodes,untouched
526,21,41,8.6,1.3125,13,0,0,0,0,0,0,0,0,0,0,0,0,Tetractomia,tetrandra,untouched
527,20,42,6.3,1.5125,14,0,0,0,0,0,0,0,0,0,0,0,0,Tetractomia,tetrandra,untouched
528,21,42,31,4.95,25.2158964926248,0,0,0,0,0,0,0,0,0,0,0,0,Syzygium,sp. 4,untouched
529,22,42,13,1.0625,16,0,0,0,0,0,0,0,0,0,0,0,0,Tetractomia,tetrandra,untouched
530,22,41,11,2.05,15,0,0,0,0,0,0,0,0,0,0,0,0,Syzygium,sp. 4,untouched
531,26,44,24.5,3.4,28.1736009145702,0,0,0,0,0,0,0,0,0,0,0,0,Neoscortechinia,kingii,untouched
532,22,43,15,2.95,14,0,0,0,0,0,0,0,0,0,0,0,0,Calophyllum,soulattri,untouched
533,21,47,11.7,1.375,6.5,0,0,0,0,0,0,0,0,0,0,0,0,Neoscortechinia,kingii,untouched
534,21,44,21.8,1.925,19.6840441796844,0,0,0,0,0,0,0,0,0,0,0,0,Palaquium,cochlearifolium,untouched
535,23,45,14,1.85,20.7608638365046,0,0,0,0,0,0,0,0,0,0,0,0,Calophyllum,cf. hosei (cf. fragrans),untouched
536,23,43,27.5,2.375,22.0035002130533,0,0,0,0,0,0,0,0,0,0,0,0,Campnosperma,coriaceum,untouched
537,24,46,9.3,2.35,12,0,0,0,0,0,0,0,0,0,0,0,0,Lithocarpus,sp. 1 cf. dasystachys,untouched
538,24,49,11.3,1.8375,12,0,0,0,0,0,0,0,0,0,0,0,0,Calophyllum,soulattri,untouched
539,26,50,8.5,1.2875,8,0,0,0,0,0,0,0,0,0,0,0,0,Tetractomia,tetrandra,untouched
540,25,52,9.9,1.3,17,0,0,0,0,0,0,0,0,0,0,0,0,Litsea,cf. grandis var. rufofusca (cf. rufo-fusca),untouched
541,25,53,10.3,1.775,11,0,0,0,0,0,0,0,1,0,0,0,0,Memecylon,sp. 1,untouched
542,25,54,6.4,1.9,11,0,0,0,0,0,0,0,0,0,0,1,0,Santiria,sp. 1,untouched
543,22,55,36.3,2.45,21.485735056158,0,0,0,0,0,0,0,0,0,0,0,0,Dactylocladus,stenostachys,untouched
544,21,55,15.7,3.05,17,0,0,0,0,0,0,0,0,0,1,1,0,Maasia (Polyalthia),hypoleuca,untouched
545,20,54,15.6,1.275,21.3821820247789,0,0,0,0,0,0,0,0,0,0,0,0,Vatica,mangachapoi,untouched
546,20,56,6.3,0,4.5,1,0,0,0,0,0,0,0,0,0,0,1,Garcinia,sp. 3,untouched
547,27,58,8.4,1.6375,16,0,0,0,0,0,0,0,1,1,1,0,0,Xylopia,fusca,untouched
548,29,57,6.1,1.2125,16,0,0,0,0,0,0,0,0,0,0,0,0,Lithocarpus,sp. 1 cf. dasystachys,untouched
549,29,54,9.1,1.85,11,0,0,0,0,0,0,0,0,0,0,0,0,Nephelium,maingayi,untouched
550,35,56,15.7,2.75,13,0,0,0,0,0,0,0,0,0,0,0,0,Elaeocarpus,mastersii,untouched
551,37,58,13.5,1.05,9,0,0,0,0,0,0,0,0,0,0,0,0,Myristica,lowiana,untouched
552,31,57,8.2,1.05,9,0,0,0,0,0,0,0,0,0,0,0,0,Neoscortechinia,kingii,untouched
553,37,55,23.4,3.7,17,0,0,0,0,0,0,0,0,0,0,0,0,Diospyros,areolata (bantamensis),untouched
554,33,54,6.7,1.7125,7,0,0,0,0,0,0,0,0,0,0,0,0,Mesua,sp. 1,untouched
555,32,53,7.1,0.99,15,0,0,0,0,0,0,0,0,0,0,0,0,Syzygium,sp. 4,untouched
556,31,52,7.1,0.425,15,0,0,0,0,0,0,0,0,0,0,0,0,Diospyros,cf. evena,untouched
557,33,52,18.8,1.5625,15,0,0,0,0,0,0,0,0,0,0,0,0,Palaquium,cochlearifolium,untouched
558,35,53,34.3,5.2,19,0,0,0,0,0,0,0,0,0,0,0,0,Syzygium,sp. 4,untouched
559,36,53,22.9,3.625,17,0,0,0,0,0,0,0,0,0,0,0,0,Neoscortechinia,kingii,untouched
560,38,51,8.8,1.45,10,0,0,0,0,0,0,0,0,0,0,0,0,Syzygium,sp. 5 cf. zeylanicum,untouched
561,39,48,8.7,1.0625,12,0,0,0,0,0,0,0,0,0,0,0,1,Dyera,polyphylla (lowii),untouched
562,36,49,6.5,0.9,9,0,0,0,0,0,0,0,0,0,0,0,0,Knema,intermedia,untouched
563,34,49,7.9,1.25,8,0,0,0,0,0,0,0,0,0,0,0,0,Ternstroemia,magnifica,untouched
564,32,49,11.9,2.2,19,0,0,0,0,0,0,0,0,0,0,0,0,Tetractomia,tetrandra,untouched
565,31,50,7.8,2.2875,14,0,0,0,0,0,0,0,0,0,0,0,0,Lithocarpus,sp. 1 cf. dasystachys,untouched
566,31,49,10.9,1.4125,18,0,0,0,0,0,0,0,1,1,1,0,0,Xylopia,fusca,untouched
567,33,49,10.2,3.2875,13,0,0,0,0,0,0,0,0,0,0,0,0,Shorea,teysmanniana,untouched
568,33,47,7.8,1.2625,7,0,0,0,0,0,0,0,0,0,0,0,0,Gonystylus,bancanus,untouched
569,36,47,21.7,2.8,23.9710078092554,0,0,0,0,0,0,0,0,0,0,0,0,Palaquium,cochlearifolium,untouched
570,37,47,27.4,3.95,29.8534675617062,0,0,0,0,0,0,0,0,0,0,0,0,Mesua,sp. 1,untouched
571,39,47,6.3,1.65,6.5,0,0,0,0,0,0,0,0,0,0,0,0,Tetractomia,tetrandra,untouched
572,39,44,19.8,2.2,20.8137754961415,0,0,0,0,0,0,0,0,0,0,0,0,Neoscortechinia,kingii,untouched
573,38,43,17,2.65,28.0641710650936,0,0,0,0,0,0,0,0,0,0,0,0,Palaquium,cochlearifolium,untouched
574,38,42,12,0.975,16,1,0,0,0,0,0,0,0,0,0,1,1,Madhuca,mottleyana,untouched
575,36,45,9.7,1.2625,12,1,0,0,0,0,0,0,0,0,0,1,1,Madhuca,mottleyana,untouched
576,33,45,9.1,1.875,10,0,0,0,0,0,0,0,0,0,0,0,1,Dyera,polyphylla (lowii),untouched
577,32,45,12.1,2.475,12,0,0,0,0,0,0,0,0,0,0,0,0,Tetractomia,tetrandra,untouched
578,29,44,11.1,2.1,12,1,0,0,0,0,0,0,0,0,1,1,0,Garcinia,bancana,untouched
579,32,43,34.6,5.275,34.761083218395,0,0,0,0,0,0,0,0,0,0,0,0,Calophyllum,hosei,untouched
580,31,41,9.5,1.65,15,0,0,0,0,0,0,0,0,0,0,0,0,Tetractomia,tetrandra,untouched
581,33,41,15.8,2.3,17,0,0,0,0,0,0,0,1,0,0,0,0,Syzygium,sp. 4,untouched
582,35,42,16.2,2.675,17,0,0,0,0,0,0,0,0,0,0,0,0,Neoscortechinia,kingii,untouched
583,35,41,11.3,1.8,19,0,0,0,0,0,0,0,0,0,0,0,0,Elaeocarpus,mastersii,untouched
584,40,40,17.5,2.225,18.5,0,0,0,0,0,0,0,1,1,1,0,0,Xylopia,fusca,untouched
585,40,52,11.2,3.7,9,0,0,0,0,0,0,0,1,1,1,0,0,Xylopia,fusca,untouched
586,43,41,19.1,2.825,20,1,1,0,0,0,0,1,1,1,1,1,1,Aglaia,rubiginosa,untouched
587,40,43,7.5,1.65,6.5,0,0,0,0,0,0,0,1,1,1,0,0,Xylopia,fusca,untouched
588,44,41,14.4,3.475,13.5,0,0,0,0,0,0,0,0,0,0,0,0,Calophyllum,hosei,untouched
589,42,45,10.3,2.675,11,0,0,0,0,0,0,1,1,1,0,0,0,Baccaurea,bracteata,untouched
590,44,40,6.1,0.675,7.5,0,0,0,0,0,0,0,0,0,0,0,0,Nephelium,maingayi,untouched
591,45,41,6.2,1.525,6.5,0,0,0,0,0,0,0,0,0,0,0,0,Diospyros,areolata (bantamensis),untouched
592,46,45,7.9,1.65,9.5,1,0,0,0,0,0,0,0,0,0,1,1,Madhuca,mottleyana,untouched
593,47,45,11.2,1.6,12,0,0,0,0,0,0,0,0,0,0,0,0,Campnosperma,coriaceum,untouched
594,48,43,18.9,2.475,17.5,0,0,0,0,0,0,0,0,0,0,0,0,Stemonurus,cf. scorpiodes,untouched
595,49,44,6.4,1.3,10.5,0,0,0,0,0,0,0,0,0,0,0,0,Syzygium,havilandii,untouched
596,49,47,21.7,4.425,17,1,0,0,0,0,0,0,0,0,0,1,1,Garcinia,sp. 1,untouched
597,47,49,7.1,1.4,8.5,1,0,0,0,0,0,0,0,0,0,1,1,Madhuca,mottleyana,untouched
598,46,51,20.2,3.425,18.5,1,0,0,0,0,0,0,0,0,1,1,0,Garcinia,bancana,untouched
599,45,49,30.5,3.075,14.5393010672434,0,0,0,0,0,0,0,0,0,0,0,0,Syzygium,havilandii,untouched
600,42,49,8.2,3.425,9,0,0,0,0,0,0,0,0,0,0,0,0,Elaeocarpus,mastersii,untouched
601,47,44,23.6,3.65,18.5,0,0,0,0,0,0,0,0,0,0,0,0,Neoscortechinia,kingii,untouched
602,41,45,6.8,1.225,8,0,0,0,0,0,0,0,0,0,0,0,0,Campnosperma,coriaceum,untouched
603,47,48,9.3,2.15,11,0,0,0,0,0,0,0,0,0,0,0,0,Diospyros,areolata (bantamensis),untouched
604,49,48,12.1,1.75,12.5,1,0,0,0,0,0,0,0,0,0,1,1,Madhuca,mottleyana,untouched
605,50,47,8.5,1.425,10,0,0,0,0,0,0,0,0,0,0,0,0,Syzygium,havilandii,untouched
606,40,47,10.4,2.325,9,0,0,0,0,0,0,0,1,0,0,0,0,Memecylon,sp. 1,untouched
607,50,56,11.9,2.3,11.5,0,0,0,0,0,0,0,0,0,0,0,0,Tetractomia,tetrandra,untouched
608,48,55,9.4,2,8.5,1,0,0,0,0,0,0,0,0,0,1,1,Madhuca,mottleyana,untouched
609,53,55,9.5,1.575,7.5,0,0,0,0,0,0,0,0,0,0,0,0,Horsfieldia,crassifolia,untouched
610,52,54,14.3,2.025,1.5,0,0,0,0,0,0,0,0,0,0,0,0,Blumeodendron,tokbrai (elateriospermum),untouched
611,51,53,18.3,2.75,17.5,0,0,0,0,0,0,0,0,0,0,0,0,Syzygium,havilandii,untouched
612,52,53,6.1,1.25,8,0,0,0,0,0,0,0,0,0,0,0,0,Diospyros,areolata (bantamensis),untouched
613,50,42,54.7,3.575,27.7185790370726,0,0,0,0,0,0,0,0,0,0,0,0,Syzygium,havilandii,untouched
614,51,41,13.8,3.75,15.5,0,0,0,0,0,0,0,0,0,0,0,0,Syzygium,havilandii,untouched
615,57,40,17,3.1,15,0,0,0,0,0,0,0,0,0,0,0,0,Tetractomia,tetrandra,untouched
616,54,44,11.4,2.125,13,0,0,0,0,0,0,0,0,0,0,0,0,Mesua,sp. 1,untouched
617,55,42,7.1,2,8.5,1,0,0,0,0,0,0,0,0,0,1,1,Madhuca,mottleyana,untouched
618,51,45,10.5,1.45,12,1,0,0,0,0,0,0,0,0,0,1,1,Madhuca,mottleyana,untouched
619,53,47,10.4,2.1,11,0,0,0,0,0,0,0,0,0,0,0,0,Tetractomia,tetrandra,untouched
620,56,46,7.8,1.35,12.5,0,0,0,0,0,0,0,0,0,0,0,0,Nephelium,maingayi,untouched
621,58,47,7.2,1.875,11,0,0,0,0,0,0,0,0,0,0,0,0,Litsea,cf. grandis var. rufofusca (cf. rufo-fusca),untouched
622,56,48,40.6,6.85,25.9334753262422,0,0,0,0,0,0,0,0,0,0,0,0,Lithocarpus,conocarpus,untouched
623,54,49,7,1.45,9.5,0,0,0,0,0,0,0,0,0,0,0,0,Litsea,cf. grandis var. rufofusca (cf. rufo-fusca),untouched
624,55,49,6.8,1.075,8,0,0,0,0,0,0,0,0,0,0,0,0,Syzygium,havilandii,untouched
625,51,50,30.2,4.125,21.7446008298752,0,0,0,0,0,0,0,0,0,0,0,0,Mezzetia,parviflora (leptopoda),untouched
626,52,51,6.7,1.825,7.5,0,0,0,0,0,0,0,0,0,1,1,0,Maasia (Polyalthia),hypoleuca,untouched
627,51,51,12,1.8,14,0,0,0,0,0,0,0,0,0,0,0,0,Mezzetia,parviflora (leptopoda),untouched
628,50,53,7.7,1.95,9.5,0,0,0,0,0,0,0,0,0,0,0,0,Calophyllum,sclerophyllum,untouched
629,51,54,18,2.325,17.5,1,0,0,0,0,0,0,0,0,0,1,1,Mezzetia,parviflora (leptopoda),untouched
630,51,55,10.7,1.75,8.5,0,0,0,0,0,0,0,0,0,0,0,0,Tetractomia,tetrandra,untouched
631,55,54,12.9,2.425,15.5,1,0,0,0,0,0,0,0,0,0,1,1,Madhuca,mottleyana,untouched
632,57,52,22.5,3.25,17.5,0,0,0,0,0,0,0,0,0,0,0,0,Mezzetia,parviflora (leptopoda),untouched
633,58,53,17,2.45,16,0,0,0,0,0,0,0,0,0,0,0,0,Campnosperma,squamatum,untouched
634,58,52,16.2,2.825,15,0,0,0,0,0,0,0,0,0,0,0,0,Isonandra,lanceolata,untouched
635,60,53,11.7,2.725,14.5,0,0,0,0,0,0,0,0,0,0,0,0,Xerospermum,laevigatum / noronhianum,untouched
636,60,52,8.9,1.525,9,0,0,0,0,0,0,0,0,0,0,0,0,Tetractomia,tetrandra,untouched
637,59,50,21.1,3.625,16,0,0,0,0,0,0,0,0,0,0,0,0,Diospyros,areolata (bantamensis),untouched
638,62,41,8.1,1.45,11,0,0,0,0,0,0,0,0,0,0,0,0,Licania,splendens,untouched
639,60,45,7.8,2,8,1,0,0,0,0,0,0,0,0,1,1,0,Garcinia,sp. 11,untouched
640,61,46,9.8,1.1875,9,0,0,0,0,0,0,0,0,0,0,0,0,Mesua,sp. 1,untouched
641,61,45,19.3,3.225,11,0,0,0,0,0,0,0,0,0,0,0,0,Nephelium,maingayi,untouched
642,62,46,13.7,2.175,17,0,0,0,0,0,0,0,0,0,0,0,0,Tetractomia,tetrandra,untouched
643,62,47,11.4,1.825,16,0,0,0,0,0,0,0,0,0,0,0,0,Gonystylus,bancanus,untouched
644,63,45,8.6,1.8,11,1,0,0,0,0,0,0,0,0,0,1,1,Madhuca,mottleyana,untouched
645,68,45,8.7,1.675,8,0,0,0,0,0,0,0,0,0,0,0,0,Tetractomia,tetrandra,untouched
646,68,44,15.5,2.725,19.4146744285769,0,0,0,0,0,0,0,0,0,0,0,0,Neoscortechinia,kingii,untouched
647,67,44,28.6,3.6,24.2624936185494,0,0,0,0,0,0,0,0,0,0,0,0,Xylopia,cf. malayana,untouched
648,68,43,28.9,3.45,27.9081919502462,0,0,0,0,0,0,0,0,0,0,0,0,Stemonurus,cf. scorpiodes,untouched
649,68,42,25.6,1.825,23.1899153852146,0,0,0,0,0,0,0,0,0,0,0,0,Maasia (Polyalthia),glauca,untouched
650,66,42,13.1,1.675,17,0,0,0,0,0,1,1,1,0,1,0,0,Syzygium,sp. 1 cf. garcinifolia,untouched
651,65,41,25.7,2.1,18,1,1,1,1,1,1,1,1,0,1,1,1,Diospyros,siamang,untouched
652,65,46,19.1,2.25,27.1227022407755,0,0,0,0,0,0,0,2,2,2,0,0,Xylopia,fusca,untouched
653,63,47,30.1,2.65,26.7175060192935,0,0,0,0,0,0,0,0,0,0,0,0,Shorea,teysmanniana,untouched
654,63,48,24.4,2.7825,21.875005490469,0,0,0,0,0,0,0,0,0,0,0,0,Calophyllum,cf. hosei (cf. fragrans),untouched
655,64,47,10.5,2.04,17,0,0,0,0,0,0,0,0,0,0,0,0,Nephelium,maingayi,untouched
656,61,52,12.1,0.9,20.5537577737465,0,0,0,0,0,0,0,0,0,0,0,0,Litsea,cf. grandis var. rufofusca (cf. rufo-fusca),untouched
657,61,50,11.4,1.5875,19.9447418124245,0,0,0,0,0,0,0,0,0,0,0,0,Litsea,cf. grandis var. rufofusca (cf. rufo-fusca),untouched
658,61,59,11.4,1.7375,10,0,0,0,0,0,0,0,0,0,0,0,0,Mesua,sp. 1,untouched
659,63,57,24.9,4.025,24.9061286620553,0,0,0,0,0,0,0,0,0,0,0,0,Neoscortechinia,kingii,untouched
660,64,58,30.4,3.125,34.1202515151668,0,0,0,0,0,0,0,0,0,0,0,0,Shorea,teysmanniana,untouched
661,64,59,8.6,2.225,7.5,0,0,0,0,0,0,0,0,0,0,0,0,Tetractomia,tetrandra,untouched
662,70,59,11.4,0.9,9,0,0,0,0,0,0,0,0,0,0,0,0,Syzygium,sp. 4,untouched
663,69,57,7.2,1.6425,7.5,0,0,0,0,0,0,0,0,0,0,0,0,Tetractomia,tetrandra,untouched
664,67,56,9.2,1.525,15,0,0,0,0,0,0,0,0,0,0,0,0,Tetractomia,tetrandra,untouched
665,67,55,16.3,2.825,20.1,0,0,0,0,0,0,0,0,0,0,0,0,Nephelium,maingayi,untouched
666,69,56,29.3,3.1375,17,0,0,0,0,0,0,0,0,0,0,0,0,Elaeocarpus,mastersii,untouched
667,68,54,9.4,3.1625,13,0,0,0,0,0,0,0,0,0,0,0,0,Castanopsis,foxworthyii / jaherii,untouched
668,69,54,9.8,3.775,14,0,0,0,0,0,0,0,0,0,0,0,0,Castanopsis,foxworthyii / jaherii,untouched
669,68,53,17.1,2.8075,20,0,0,0,0,0,0,0,0,0,0,0,0,Tristaniopsis,sp. 4,untouched
670,67,51,15.4,2.9,21,0,0,1,1,0,0,0,0,0,0,0,0,Combretocarpus,rotundatus,untouched
671,71,55,36.2,5.0375,34.5331660913082,0,0,0,0,0,0,0,0,0,0,0,0,Diospyros,areolata (bantamensis),untouched
672,73,54,24.1,6.4125,18,0,0,0,0,0,0,0,0,0,0,0,0,Nephelium,maingayi,untouched
673,72,54,8.6,1.05,10,0,0,0,0,0,0,0,0,0,0,0,0,Tetractomia,tetrandra,untouched
674,76,55,14.6,2.075,19,0,0,0,0,0,0,0,0,0,0,0,0,Vatica,mangachapoi,untouched
675,78,55,13.4,2.525,14,0,0,0,0,0,0,0,0,0,0,0,0,Mesua,sp. 1,untouched
676,74,59,17.3,3.725,10,0,0,0,0,0,0,0,0,0,0,0,0,Nephelium,maingayi,untouched
677,73,59,10.3,2.05,9,0,0,0,0,0,0,0,0,0,0,0,0,Litsea,sp. 1 cf. resinosa,untouched
678,77,58,11.3,1.8875,15,0,0,0,0,0,0,0,0,0,0,0,0,Palaquium,ridleyii,untouched
679,72,51,14.2,2.55,10,0,0,0,0,0,0,0,0,0,0,0,0,Litsea,sp. 1 cf. resinosa,untouched
680,78,53,11.4,2.95,11,0,0,0,0,0,0,0,0,0,0,0,0,Lithocarpus,sp. 1 cf. dasystachys,untouched
681,79,53,9.9,2.85,8,0,0,0,0,0,0,0,0,0,0,0,0,Gymnacranthera,farquhariania,untouched
682,79,45,8.5,1.125,6,0,0,0,0,0,0,0,0,0,0,0,0,Horsfieldia,crassifolia,untouched
683,79,43,6.9,1.775,8,0,0,0,0,0,0,0,0,0,0,0,0,Tetractomia,tetrandra,untouched
684,79,42,9.8,1.7875,11,0,0,0,0,0,0,0,0,0,0,0,0,Stemonurus,cf. scorpiodes,untouched
685,72,49,12.2,2.2,10,0,0,0,0,0,0,0,0,0,0,0,0,Garcinia,sp. 1,untouched
686,73,48,16.4,3.15,13,0,0,0,0,0,0,0,0,0,0,0,0,Stemonurus,cf. scorpiodes,untouched
687,70,42,10.2,2.3,8,0,0,0,0,0,1,1,1,0,1,0,0,Syzygium,sp. 1 cf. garcinifolia,untouched
688,70,41,11.9,1.8,9,0,0,0,0,0,0,0,0,0,0,0,0,Stemonurus,cf. scorpiodes,untouched
689,74,41,8.7,1.3225,11,1,1,1,1,1,1,1,1,0,1,1,1,Diospyros,siamang,untouched
690,74,42,9.2,2.0525,8,0,0,0,0,0,0,0,0,0,0,0,0,Diospyros,areolata (bantamensis),untouched
691,75,41,10.1,1.55,12,0,0,0,0,0,0,0,0,0,1,0,0,Palaquium,pseudorostratum,untouched
692,76,41,10.1,1.825,11,0,0,0,0,0,0,0,0,0,0,0,0,Tetractomia,tetrandra,untouched
693,81,40,16.7,2.95,16,0,0,0,0,0,0,0,0,0,0,0,0,Campnosperma,squamatum,untouched
694,81,42,11.4,1.55,13.5,0,0,0,0,0,0,0,0,0,0,0,0,Stemonurus,cf. scorpiodes,untouched
695,80,42,9.3,1.125,12,0,0,0,0,0,0,0,0,0,0,0,0,Gymnacranthera,farquhariania,untouched
696,84,49,9.7,2.175,10.5,0,0,0,0,0,0,0,0,0,0,0,0,Tetractomia,tetrandra,untouched
697,83,42,27.6,4.925,21.3866612589015,0,0,0,0,0,0,0,0,0,0,0,0,Campnosperma,coriaceum,untouched
698,87,46,11.9,1.275,14,0,0,0,0,0,0,0,0,0,0,0,0,Shorea,teysmanniana,untouched
699,83,47,8.6,3.4,9.5,0,0,0,0,0,0,0,0,0,0,0,0,Nephelium,lappaceum,untouched
700,81,46,12.6,1.95,11.5,0,0,0,0,0,0,0,0,0,0,0,0,Mesua,sp. 1,untouched
701,80,46,7.6,1.425,7,0,0,0,0,0,0,0,0,0,0,0,0,Gonystylus,bancanus,untouched
702,80,48,7.9,1.225,6.5,0,0,0,0,0,0,0,0,0,0,0,0,Diospyros,areolata (bantamensis),untouched
703,83,48,21.7,2.35,23.5,0,0,0,0,0,0,0,0,0,0,0,0,Palaquium,ridleyii,untouched
704,81,48,19.4,3.4,19.7550214941408,0,0,0,0,0,0,0,0,0,0,0,0,Mesua,sp. 1,untouched
705,82,48,8.4,1.425,6,0,0,0,0,0,0,0,0,0,0,0,0,Stemonurus,cf. scorpiodes,untouched
706,86,44,35.6,3.875,29.2653128707298,0,0,0,0,0,0,0,0,0,0,0,0,Mezzetia,parviflora (leptopoda),untouched
707,89,42,12.7,2.575,13,0,0,0,0,0,0,0,0,0,0,0,0,Elaeocarpus,mastersii,untouched
708,80,51,12.4,1.55,14.5,0,0,0,0,0,0,0,0,0,0,0,0,Palaquium,ridleyii,untouched
709,80,53,12.1,2.3875,13.5,0,0,0,0,0,0,0,0,0,0,0,0,Licania,splendens,untouched
710,81,59,38.2,5.2375,31.5,0,0,0,0,0,0,0,0,0,0,0,0,Koompassia,malaccensis,untouched
711,82,58,9.3,1.675,11,1,0,0,0,0,0,0,0,0,1,1,0,Garcinia,bancana,untouched
712,81,60,11.5,2.125,13,0,0,0,0,0,0,0,0,0,0,0,0,Tetractomia,tetrandra,untouched
713,84,56,21.1,3.1375,16.8,0,0,0,0,0,0,0,0,0,0,0,0,Syzygium,havilandii,untouched
714,87,54,10.6,1.925,9.5,0,0,0,0,0,0,0,0,0,0,0,0,Tetractomia,tetrandra,untouched
715,87,53,17.2,2.2375,15.5,0,0,0,0,0,0,0,0,0,0,0,0,Stemonurus,cf. scorpiodes,untouched
716,85,53,12.1,1.9375,11,0,0,0,0,0,0,0,0,0,0,0,0,Tetractomia,tetrandra,untouched
717,89,40,17.5,2.375,18.5,0,0,0,0,0,0,0,0,0,0,0,0,Shorea,teysmanniana,untouched
718,92,42,11.8,2.075,11.5,0,0,0,0,0,0,0,0,0,0,0,0,Diospyros,cf. evena,untouched
719,93,41,9.7,1.375,12,0,0,0,0,0,0,0,0,0,0,0,0,Campnosperma,coriaceum,untouched
720,96,43,14.1,1.675,13.5,0,0,0,0,0,0,0,0,0,0,0,0,Campnosperma,coriaceum,untouched
721,100,46,23.8,3.625,14,0,0,0,0,0,0,0,0,0,0,0,0,Elaeocarpus,mastersii,untouched
722,99,47,13.7,3.375,12.5,0,0,0,0,0,0,0,0,0,0,0,0,Nephelium,maingayi,untouched
723,96,47,14.5,2.875,11,0,0,0,0,0,0,0,0,0,0,0,0,Nephelium,maingayi,untouched
724,93,47,14.4,1.85,9,0,0,0,0,0,0,0,0,0,0,0,0,Horsfieldia,crassifolia,untouched
725,92,46,8.9,1.325,10,0,0,0,0,0,0,0,0,0,0,0,0,Tetractomia,tetrandra,untouched
726,94,47,9.3,2.35,10.5,0,0,0,0,0,0,0,0,0,0,0,0,Tetractomia,tetrandra,untouched
727,99,50,7.5,1.9,7.5,0,0,0,0,0,0,0,0,0,0,0,0,Syzygium,havilandii,untouched
728,98,53,7.7,1.8875,8.5,0,0,0,0,0,0,0,0,0,0,0,0,Campnosperma,coriaceum,untouched
729,96,53,10.5,1.45,12.5,1,1,0,0,0,0,1,1,1,1,1,1,Aglaia,rubiginosa,untouched
730,98,54,9.7,2.525,10.5,0,0,0,0,0,1,1,1,0,1,0,0,Syzygium,sp. 1 cf. garcinifolia,untouched
731,97,58,7.5,1.9625,9,0,0,0,0,0,0,0,0,0,0,0,0,Nephelium,maingayi,untouched
732,98,59,7.5,1.925,8.5,0,0,0,0,0,0,0,0,0,0,0,0,Litsea,sp. 1 cf. resinosa,untouched
733,90,59,12.3,2.6875,11,1,0,0,0,0,0,0,0,0,1,1,0,Garcinia,bancana,untouched
734,90,58,14.4,2.05,13,0,0,0,0,0,0,0,0,0,0,0,0,Ilex,hypoglauca,untouched
735,90,53,7.5,2.475,10.5,0,0,0,0,0,0,0,1,1,1,0,0,Xylopia,fusca,untouched
736,0,62,8.6,2.85,8,0,0,0,0,0,0,0,0,0,0,0,0,Nephelium,maingayi,untouched
737,4,61,17,2.85,11,0,0,0,0,0,0,0,0,0,0,0,0,Elaeocarpus,mastersii,untouched
738,1,66,11.4,2.4125,17,1,0,0,0,0,0,0,0,0,0,1,1,Madhuca,mottleyana,untouched
739,0,66,8.1,2.95,17,0,0,0,0,0,0,0,0,0,0,0,0,Stemonurus,cf. scorpiodes,untouched
740,4,67,6.9,2.5,16,0,0,0,0,0,0,0,0,0,0,0,0,Syzygium,sp. 4,untouched
741,6,69,8.5,1.2375,11,0,0,0,0,0,0,0,0,0,0,0,0,Gonystylus,bancanus,untouched
742,6,70,20.5,3.875,11,0,0,0,0,0,0,0,0,0,0,0,0,Tetractomia,tetrandra,untouched
743,6,72,13.1,0.9125,6.5,0,0,0,0,0,0,0,0,0,0,0,0,Blumeodendron,tokbrai (elateriospermum),untouched
744,7,73,6.7,3.25,18,0,0,0,0,0,0,0,0,0,0,0,0,Neoscortechinia,kingii,untouched
745,0,74,13.1,2.0625,15.5,0,0,0,0,0,0,0,0,0,0,0,0,Elaeocarpus,mastersii,untouched
746,2,74,6.7,1.375,8.5,0,0,0,0,0,0,0,0,0,0,0,0,Tetractomia,tetrandra,untouched
747,3,75,12.6,1.6875,16,0,0,0,0,0,0,0,0,0,0,0,0,Elaeocarpus,mastersii,untouched
748,2,78,9.9,1.55,16,0,0,0,0,0,0,0,0,0,0,0,0,Mesua,sp. 1,untouched
749,7,74,16.1,2.625,12,0,0,0,0,0,0,0,0,0,0,0,0,Elaeocarpus,mastersii,untouched
750,11,71,13.4,3.225,18,0,0,0,0,0,0,0,0,0,0,0,0,Mesua,sp. 1,untouched
751,12,74,8.1,1.2625,7.5,0,0,0,0,0,0,0,0,0,0,0,0,Diospyros,areolata (bantamensis),untouched
752,13,75,16.2,1.65,10,0,0,0,0,0,1,1,0,0,1,0,0,Tetramerista,glabra,untouched
753,15,78,36.5,5.25,33.0836667545658,0,0,0,0,0,0,0,0,0,0,0,0,Campnosperma,coriaceum,untouched
754,17,78,23.8,3.25,28.1547003559006,0,0,0,0,0,0,0,0,0,0,0,0,Shorea,teysmanniana,untouched
755,19,79,14.6,1.95,13,0,0,0,0,0,0,0,0,0,0,0,0,Mezzetia,umbellata,untouched
756,19,77,19.7,2.4125,19,0,0,0,0,0,0,0,0,0,0,0,0,Stemonurus,cf. scorpiodes,untouched
757,17,77,12,2.5125,12,0,0,0,0,0,0,0,0,0,0,0,0,Calophyllum,cf. hosei (cf. fragrans),untouched
758,19,76,9.8,1.725,13,0,0,0,0,0,0,0,0,0,1,0,0,Palaquium,pseudorostratum,untouched
759,10,76,6.2,1.725,6,0,0,0,0,0,0,0,0,0,0,0,0,Syzygium,sp. 2,untouched
760,8,71,32.7,5.1725,34.7073141933929,0,0,0,0,0,0,0,1,1,1,0,0,Xylopia,fusca,untouched
761,14,71,17.7,3.15,18,0,0,0,0,0,0,0,0,0,0,0,0,Mesua,sp. 1,untouched
762,12,68,36.5,4.8125,30.4706632442122,0,0,0,0,0,0,0,0,0,0,0,0,Diospyros,areolata (bantamensis),untouched
763,11,65,10.1,1.575,13,0,0,0,0,0,0,0,0,0,0,0,0,Licania,splendens,untouched
764,10,63,21.5,3.6,17,0,0,0,0,0,0,0,0,0,0,0,0,Mesua,sp. 1,untouched
765,8,63,12.7,1.55,10,0,0,0,0,0,1,1,0,0,1,0,0,Tetramerista,glabra,untouched
766,10,60,17.5,2.425,16,0,0,0,0,0,0,0,0,0,0,0,0,Xylopia,cf. malayana,untouched
767,13,61,30.5,2.4375,29.2,0,0,0,0,0,0,0,0,0,0,0,0,Diospyros,areolata (bantamensis),untouched
768,13,60,11.8,1.6875,16,0,0,0,0,0,0,0,0,0,0,0,0,Isonandra,lanceolata,untouched
769,14,61,16.1,2.6,17.5,0,0,0,0,0,0,0,0,0,0,0,0,Gymnacranthera,farquhariania,untouched
770,15,64,18.7,2.3375,17,0,0,0,0,0,0,0,0,0,0,0,0,Neoscortechinia,kingii,untouched
771,16,63,9.6,1.8,12,0,0,0,0,0,0,0,0,0,0,0,0,Diospyros,areolata (bantamensis),untouched
772,19,65,13.1,1.225,7,0,0,0,0,0,0,0,0,0,0,0,0,Gymnacranthera,farquhariania,untouched
773,18,62,17.4,2.2625,13,0,0,0,0,0,0,0,0,0,0,0,0,Neoscortechinia,kingii,untouched
774,20,60,11.2,3.425,15,0,0,0,0,0,0,0,0,0,0,0,0,Nephelium,maingayi,untouched
775,23,60,9.7,1.925,10,0,0,0,0,0,0,0,0,0,0,0,0,Tetractomia,tetrandra,untouched
776,20,62,21.8,3.2625,19,0,0,0,0,0,0,0,0,0,0,0,0,Campnosperma,squamatum,untouched
777,23,62,9.1,1.4375,8,0,0,0,0,0,0,0,0,0,0,0,0,Tetractomia,tetrandra,untouched
778,21,62,7.8,1.375,10,0,0,0,0,0,0,0,0,0,0,0,0,Blumeodendron,tokbrai (elateriospermum),untouched
779,21,64,8.7,1.4375,10,0,0,0,0,0,0,0,0,0,0,0,0,Gonystylus,bancanus,untouched
780,23,64,7.5,1.55,16,0,0,0,0,0,0,0,0,0,0,0,0,Tetractomia,tetrandra,untouched
781,24,64,7.5,1.575,7,0,0,0,0,0,0,0,0,0,0,0,0,Tetractomia,tetrandra,untouched
782,26,63,9.8,1.545,6.5,0,0,0,0,0,0,0,0,0,0,0,0,Tetractomia,tetrandra,untouched
783,21,67,28.7,3.075,6,0,0,0,0,0,0,0,0,0,0,0,0,Tetractomia,tetrandra,untouched
784,25,67,25.5,5.15,28.5,0,0,0,0,0,0,0,0,0,0,0,0,Mesua,sp. 1,untouched
785,27,67,21.6,4.6,24.5752398573752,0,0,0,0,0,0,0,0,0,0,0,0,Mesua,sp. 1,untouched
786,28,66,7.3,2.8125,18,0,0,0,0,0,0,0,0,0,0,0,0,Syzygium,sp. 4,untouched
787,25,69,11.1,1.6,17,1,0,0,0,0,0,0,0,0,0,1,1,Madhuca,mottleyana,untouched
788,26,68,7.3,1.2875,8.5,0,0,0,0,0,0,0,0,0,0,0,0,Palaquium,ridleyii,untouched
789,23,72,11.7,2.375,17,1,0,0,0,0,0,0,0,0,1,1,0,Garcinia,bancana,untouched
790,20,72,6.9,1.5,10,0,0,0,0,0,0,0,0,0,0,0,0,Tetractomia,tetrandra,untouched
791,24,74,15.5,2.15,18,0,0,0,0,0,0,0,0,0,0,0,0,Horsfieldia,crassifolia,untouched
792,27,74,8.2,1.45,11,0,0,0,0,0,0,0,0,0,0,0,0,Syzygium,sp. 4,untouched
793,25,75,39.4,3.75,31.121986485941,0,0,0,0,0,0,0,0,0,0,0,0,Diospyros,areolata (bantamensis),untouched
794,20,76,17.3,1.375,22.2623827915009,0,0,0,0,0,0,0,0,0,0,0,0,Litsea,cf. elliptica,untouched
795,20,77,9.5,1.575,11,0,0,0,0,0,0,0,0,0,0,0,0,Syzygium,sp. 4,untouched
796,20,78,7.2,4.25,9.5,0,0,0,0,0,0,0,0,0,1,1,0,Maasia (Polyalthia),hypoleuca,untouched
797,25,79,16.3,3.65,18,0,0,0,0,0,0,0,0,0,0,0,0,Nephelium,maingayi,untouched
798,26,78,23.5,4.925,28.05,0,0,0,0,0,0,0,0,0,0,0,0,Lithocarpus,conocarpus,untouched
799,27,79,41.3,5.25,31.708660403354,1,1,0,0,0,0,1,1,1,1,1,1,Aglaia,rubiginosa,untouched
800,31,75,24.3,3.625,25.6422193701768,0,0,0,0,0,0,0,0,0,0,0,0,Palaquium,ridleyii,untouched
801,32,73,41.8,3.975,33.1348769457281,0,0,0,0,0,0,0,0,0,1,0,0,Palaquium,pseudorostratum,untouched
802,33,75,8.8,2.575,11,0,0,0,0,0,0,0,0,0,0,0,0,Gonystylus,bancanus,untouched
803,32,77,28.7,4.175,29.8206191281444,0,0,0,0,0,0,0,0,0,0,0,0,Calophyllum,hosei,untouched
804,33,78,13.9,4.55,27.8024699702805,1,0,0,0,0,0,0,0,0,1,1,0,Parartocarpus,venenosus,untouched
805,34,77,27.8,3.875,22.7613439639387,0,0,0,0,0,0,0,0,0,0,0,0,Neoscortechinia,kingii,untouched
806,36,79,13.4,3.2,18,0,0,0,0,0,0,0,0,0,0,0,0,Nephelium,maingayi,untouched
807,38,79,30.3,4.65,26.3527275309737,0,0,0,0,0,0,0,0,0,0,0,0,Calophyllum,hosei,untouched
808,38,78,9.1,1.2,16,1,0,0,0,0,0,0,0,0,0,1,1,Madhuca,mottleyana,untouched
809,38,77,7.4,1.7,10,0,0,0,0,0,0,0,0,0,0,0,0,Tetractomia,tetrandra,untouched
810,38,76,9.8,1.85,10,0,0,0,0,0,0,0,0,0,0,0,0,Litsea,sp. 1 cf. resinosa,untouched
811,35,75,12.2,2.45,17,0,0,0,0,0,0,0,0,0,0,0,1,Palaquium,ridleyii,untouched
812,35,71,9.2,1.6875,8,0,0,0,0,0,0,0,0,0,0,0,0,Garcinia,sp. 1,untouched
813,39,71,24.1,3.8625,23.483558555506,0,0,0,0,0,0,0,0,0,0,0,0,Shorea,teysmanniana,untouched
814,30,70,12.2,1.4125,12,0,0,0,0,0,0,0,0,0,0,0,0,Horsfieldia,crassifolia,untouched
815,29,69,7.3,1.505,9,0,0,0,0,0,0,0,0,0,1,1,0,Maasia (Polyalthia),hypoleuca,untouched
816,29,67,8.1,2.025,9,1,0,0,0,0,0,0,0,0,1,1,0,Garcinia,sp. 11,untouched
817,36,67,33.1,3.6,29.8637355037422,0,0,0,0,0,0,0,0,0,0,0,0,Shorea,teysmanniana,untouched
818,39,67,10,0.6875,5.5,0,0,0,0,0,0,0,0,0,0,0,0,Myristica,lowiana,untouched
819,39,66,8.7,1.25,6.5,0,0,0,0,0,0,0,0,0,0,0,0,Diospyros,areolata (bantamensis),untouched
820,39,64,12.1,2,11,0,0,0,0,0,0,0,0,0,0,0,0,Tetractomia,tetrandra,untouched
821,36,65,9.1,2.2375,9.5,0,0,0,0,0,0,0,0,0,0,0,0,Tristaniopsis,sp. 4,untouched
822,30,66,11.4,2.5125,11,0,0,0,0,0,0,0,0,0,0,0,0,Mesua,sp. 1,untouched
823,34,64,19,2.55,15,0,0,0,0,0,0,0,0,0,0,0,0,Mesua,sp. 1,untouched
824,32,64,7.8,1.7375,11,0,0,0,0,0,0,0,0,0,0,0,0,Blumeodendron,tokbrai (elateriospermum),untouched
825,30,61,8.3,2.2125,5.5,0,0,0,0,0,0,0,0,0,0,0,0,Tetractomia,tetrandra,untouched
826,30,68,10.1,2.35,13,0,0,0,0,0,0,0,0,0,0,0,0,Lithocarpus,conocarpus,untouched
827,33,60,31.5,3.7125,29,0,0,0,0,0,0,0,0,0,0,0,0,Campnosperma,coriaceum,untouched
828,40,60,22.2,4.175,16,0,0,0,0,0,0,0,0,0,0,0,0,Neoscortechinia,kingii,untouched
829,44,61,7.1,1.325,11,0,0,0,0,0,0,0,0,0,0,0,0,Palaquium,ridleyii,untouched
830,46,62,15.2,1.85,14,0,0,0,0,0,0,0,0,0,0,0,0,Shorea,teysmanniana,untouched
831,44,65,6.4,2.725,7,0,0,0,0,0,1,1,0,0,1,0,0,Tetramerista,glabra,untouched
832,42,67,29.1,3.2,27,0,0,0,0,0,0,0,0,0,0,0,0,Diospyros,areolata (bantamensis),untouched
833,41,67,11.2,1.975,15,0,0,0,0,0,0,0,0,0,0,0,0,Palaquium,ridleyii,untouched
834,41,72,8.4,1.775,8.5,0,0,0,0,0,0,0,0,0,0,0,0,Syzygium,sp. 4,untouched
835,42,73,12.5,2.025,12,0,0,0,0,0,0,0,0,0,0,0,0,Palaquium,ridleyii,untouched
836,42,74,9.4,2.575,7,0,0,0,0,0,0,0,0,0,0,0,0,Syzygium,sp. 4,untouched
837,43,74,7.7,0.65,8,0,0,0,0,0,0,0,0,0,0,0,0,Horsfieldia,crassifolia,untouched
838,44,77,21.4,3.2,17,0,0,0,0,0,0,0,0,0,0,0,0,Mesua,sp. 1,untouched
839,46,77,8.7,1.1,11,0,0,0,0,0,0,0,0,0,0,0,0,Campnosperma,coriaceum,untouched
840,47,80,27.9,3.95,22,0,0,0,0,0,0,0,0,0,0,1,0,Santiria,sp. 1,untouched
841,47,78,12.5,2.15,17,0,0,0,0,0,0,0,0,0,0,0,0,Mesua,sp. 1,untouched
842,47,77,15.2,3.275,17,0,0,0,0,0,0,0,0,0,0,0,0,Nephelium,lappaceum,untouched
843,47,75,9.4,2.9375,8,0,0,0,0,0,0,0,0,0,0,0,0,Syzygium,havilandii,untouched
844,47,60,8.1,1.55,12,0,0,0,0,0,0,0,1,0,0,0,0,Memecylon,sp. 1,untouched
845,59,62,18.4,2.85,9,0,0,0,0,0,0,0,0,0,0,0,0,Litsea,sp. 1 cf. resinosa,untouched
846,59,64,7.1,1.075,6,0,0,0,0,0,0,0,0,0,0,0,0,Tetractomia,tetrandra,untouched
847,57,63,17.1,3.05,11,0,0,0,0,0,0,0,0,0,0,0,0,Garcinia,sp. 1,untouched
848,56,65,10.4,1.75,9,0,0,0,0,0,0,0,0,0,0,0,0,Licania,splendens,untouched
849,58,65,7.4,2.05,8,0,0,0,0,0,0,0,0,0,0,0,0,Syzygium,havilandii,untouched
850,55,62,14.9,1.7,12,0,0,0,0,0,0,0,0,0,0,0,0,Shorea,teysmanniana,untouched
851,54,63,11.1,0.65,10,0,0,0,0,0,0,0,1,0,0,0,0,Memecylon,sp. 1,untouched
852,54,62,6.6,1.5875,9,0,0,0,0,0,0,0,0,0,0,0,0,Palaquium,ridleyii,untouched
853,53,64,8.3,1.725,9,0,0,0,0,0,0,0,0,0,0,0,0,Stemonurus,cf. scorpiodes,untouched
854,52,63,23.9,3.975,13,0,0,0,0,0,0,0,0,0,0,0,0,Litsea,sp. 1 cf. resinosa,untouched
855,51,67,20.8,2.65,14,0,0,0,0,0,0,0,0,0,0,0,0,Calophyllum,soulattri,untouched
856,48,67,14.1,2.825,17,1,0,0,0,0,0,0,0,0,2,2,0,Maasia (Polyalthia),hypoleuca,untouched
857,51,68,14.7,1.85,15,0,0,0,0,0,0,0,0,0,0,0,0,Syzygium,havilandii,untouched
858,58,71,9.8,1.575,9,0,0,0,0,0,0,0,0,0,0,0,0,Mesua,sp. 1,untouched
859,58,74,24.2,1.275,11,0,0,0,0,0,0,0,0,0,0,0,0,Gymnacranthera,farquhariania,untouched
860,58,72,6.1,1.275,7,0,0,0,0,0,0,0,0,0,0,0,0,Palaquium,ridleyii,untouched
861,58,73,10.9,1.1,10,0,0,0,0,0,0,0,1,0,0,0,0,Memecylon,sp. 1,untouched
862,56,76,7.9,2.175,9,0,0,0,0,0,0,0,0,0,0,0,0,Lithocarpus,conocarpus,untouched
863,54,73,13.1,2.525,14,0,0,0,0,0,0,0,0,0,0,0,0,Mesua,sp. 1,untouched
864,52,71,21.1,2.075,24,0,0,0,0,0,0,0,0,0,0,0,0,Vatica,mangachapoi,untouched
865,51,71,30,4.675,23,0,0,0,0,0,0,0,0,0,0,0,0,Campnosperma,squamatum,untouched
866,49,71,19.8,3.5,15,0,0,0,0,0,0,0,0,0,0,0,0,Neoscortechinia,kingii,untouched
867,50,77,18.6,2.125,17,0,0,0,0,0,0,0,0,0,0,0,0,Mezzetia,umbellata,untouched
868,50,79,20.7,3.225,12,0,0,0,0,0,0,0,0,0,0,0,0,Nephelium,maingayi,untouched
869,50,80,21,5.05,8,0,0,0,0,0,0,0,0,0,0,0,0,Calophyllum,cf. hosei (cf. fragrans),untouched
870,49,79,6.6,1.075,8.5,0,0,0,0,0,0,0,0,0,0,0,0,Licania,splendens,untouched
871,67,60,9.2,1.4625,9,0,0,0,0,0,0,0,0,0,0,0,0,Maasia (Polyalthia),glauca,untouched
872,66,60,6.3,1.525,7,0,0,0,0,0,0,0,0,0,0,0,0,Licania,splendens,untouched
873,60,61,13.4,2.6375,10,0,0,0,0,0,0,0,0,0,0,0,0,Syzygium,sp. 4,untouched
874,63,61,17.6,1.95,16,0,0,0,0,0,0,0,0,0,0,0,0,Campnosperma,coriaceum,untouched
875,61,62,14.6,3.8625,9,1,0,0,0,0,0,0,0,0,1,1,0,Parartocarpus,venenosus,untouched
876,60,60,10.3,1.3625,16,0,0,1,1,0,0,0,0,0,0,0,0,Combretocarpus,rotundatus,untouched
877,63,63,9.6,2.2625,11,0,0,0,0,0,0,0,0,0,0,0,0,Tetractomia,tetrandra,untouched
878,64,63,7.8,1.45,7,0,0,0,0,0,0,0,0,0,0,0,0,Tetractomia,tetrandra,untouched
879,60,65,6.6,1.7375,6,0,0,0,0,0,0,0,0,0,0,0,0,Tetractomia,tetrandra,untouched
880,86,64,25.3,3.475,18,0,0,0,0,0,0,0,0,0,0,0,0,Mesua,sp. 1,untouched
881,63,64,10.3,1.6625,11,0,0,0,0,0,0,0,0,0,0,0,0,Tristaniopsis,sp. 4,untouched
882,65,66,27.4,4.7375,26,1,0,0,0,0,0,0,1,1,2,1,0,Xylopia,fusca,untouched
883,66,66,20.1,3.0375,17,0,0,0,0,0,0,0,0,0,0,0,0,Shorea,teysmanniana,untouched
884,68,68,10.6,1.75,11,0,0,0,0,0,0,0,1,1,1,0,0,Xylopia,fusca,untouched
885,67,67,6.9,1.1625,10,0,0,0,0,0,0,0,0,0,0,0,0,Tetractomia,tetrandra,untouched
886,66,68,10.4,1.775,11,0,0,0,0,0,0,0,0,0,0,0,0,Lithocarpus,conocarpus,untouched
887,65,67,11.2,2.4625,10,0,0,0,0,0,0,0,0,0,0,0,0,Syzygium,havilandii,untouched
888,63,68,12.7,5.7875,14,0,0,0,0,0,0,0,0,0,0,0,0,Nephelium,lappaceum,untouched
889,60,70,30.3,5.7,20,0,0,0,0,0,0,0,0,0,0,0,0,Syzygium,havilandii,untouched
890,62,70,35.8,2.625,23,1,1,1,1,1,1,1,1,0,1,1,1,Diospyros,siamang,untouched
891,61,61,7.7,1.7125,5.5,0,0,0,0,0,0,0,0,0,0,0,0,Calophyllum,soulattri,untouched
892,63,70,6.4,1.1875,6,0,0,0,0,0,0,0,0,0,0,0,0,Tetractomia,tetrandra,untouched
893,62,74,18.3,4.625,9,0,0,0,0,0,0,0,0,0,0,0,0,Mesua,sp. 1,untouched
894,60,75,8,2.925,7,0,0,0,0,0,0,0,0,0,0,0,0,Magnolia,bintulensis,untouched
895,60,76,7.2,3.6525,14,0,0,0,0,0,0,0,0,0,0,0,0,Tetractomia,tetrandra,untouched
896,64,79,13.7,5.265,15,0,0,0,0,0,0,0,0,0,0,0,0,Nephelium,lappaceum,untouched
897,65,80,10.9,4.9,7,0,0,0,0,0,0,0,0,0,0,0,0,Nephelium,lappaceum,untouched
898,67,78,6.3,5.5525,8,0,0,0,0,0,1,1,0,0,1,0,0,Tetramerista,glabra,untouched
899,68,76,10.7,1.825,12,0,0,0,0,0,0,0,0,0,0,0,0,Blumeodendron,tokbrai (elateriospermum),untouched
900,68,75,9.5,1.875,12,1,0,0,0,0,0,0,0,0,1,1,0,Garcinia,bancana,untouched
901,68,74,17.3,2.5125,15,0,0,0,0,0,0,0,1,1,1,0,0,Xylopia,fusca,untouched
902,68,72,16,2.6875,12,0,0,0,0,0,0,0,0,0,0,0,0,Ilex,hypoglauca,untouched
903,68,69,19.9,4.975,12,0,0,0,0,0,0,0,0,0,0,0,0,Campnosperma,coriaceum,untouched
904,70,77,10.5,1.9375,9,1,0,0,0,0,0,0,0,0,1,1,0,Garcinia,bancana,untouched
905,73,78,16.8,1.55,13,0,0,0,0,0,0,0,0,0,0,0,0,Neoscortechinia,kingii,untouched
906,73,77,7.3,1.8,7,0,0,0,0,0,0,0,0,0,0,0,0,Litsea,sp. 1 cf. resinosa,untouched
907,76,76,11.2,1.4875,14,0,0,0,0,0,0,0,0,0,0,0,0,Knema,intermedia,untouched
908,76,77,11.1,1.775,11,0,0,0,0,0,0,0,0,0,0,0,0,Stemonurus,cf. scorpiodes,untouched
909,76,78,52.5,4.675,37.6815853421413,0,0,0,0,0,0,0,0,0,0,0,0,Vatica,mangachapoi,untouched
910,76,79,19,2.525,17,0,0,0,0,0,0,0,0,0,0,0,0,Calophyllum,hosei,untouched
911,78,79,12.4,1.9,15,0,0,0,0,0,0,0,0,0,0,0,0,Tetractomia,tetrandra,untouched
912,77,74,11.8,0.975,11,0,0,0,0,0,0,0,0,0,0,0,0,Ilex,hypoglauca,untouched
913,79,74,23.2,2.225,28.6029180870261,0,0,0,0,0,0,0,0,0,0,0,0,Calophyllum,hosei,untouched
914,80,73,31.3,3.375,28.2672782345552,0,0,0,0,0,0,0,0,0,0,0,0,Shorea,teysmanniana,untouched
915,79,72,7.7,1.425,13,0,0,0,0,0,0,0,0,0,0,0,0,Xerospermum,laevigatum / noronhianum,untouched
916,77,70,7.4,1.85,9,0,0,0,0,0,1,1,0,0,1,0,0,Tetramerista,glabra,untouched
917,77,72,14.8,3.55,15,0,0,0,0,0,0,0,0,0,0,0,0,Stemonurus,cf. scorpiodes,untouched
918,78,78,6.2,2.4,6.5,0,0,0,0,0,0,0,0,0,0,0,0,Tetractomia,tetrandra,untouched
919,77,73,17.9,2.15,16,0,0,0,0,0,0,0,0,0,0,0,0,Tristaniopsis,sp. 4,untouched
920,79,73,24.2,4.175,18,0,0,0,0,0,0,0,0,0,0,0,0,Neoscortechinia,kingii,untouched
921,79,68,9.1,2.8875,11,0,0,0,0,0,0,0,0,0,0,0,0,Elaeocarpus,mastersii,untouched
922,79,67,12.5,3.175,12,0,0,0,0,0,0,0,0,0,0,0,0,Elaeocarpus,mastersii,untouched
923,78,65,10.5,3.225,9,0,0,0,0,0,0,0,0,0,0,1,0,Santiria,sp. 1,untouched
924,77,65,7.8,1.7,10,0,0,0,0,0,0,0,0,0,0,0,0,Tetractomia,tetrandra,untouched
925,71,69,25.1,3.525,27.5,0,0,0,0,0,0,0,0,0,0,0,0,Campnosperma,coriaceum,untouched
926,70,71,27.9,4.8,27,0,0,0,0,0,1,1,1,1,2,0,0,Xylopia,fusca,untouched
927,81,63,15.5,3.425,12,0,0,0,0,0,0,0,0,0,0,0,0,Nephelium,lappaceum,untouched
928,83,61,11.3,2,13,0,0,0,0,0,0,0,0,0,0,0,0,Nephelium,lappaceum,untouched
929,85,60,6.9,1.125,9,0,0,0,0,0,0,0,0,0,0,0,0,Tetractomia,tetrandra,untouched
930,83,64,10.1,1.3,13,0,0,0,0,0,0,0,0,0,0,0,0,Sandoricum,beccanarium,untouched
931,82,64,8,2.1625,9,0,0,0,0,0,0,0,0,0,0,0,0,Shorea,teysmanniana,untouched
932,81,68,8,1.9375,10,0,0,0,0,0,0,0,0,0,0,0,0,Syzygium,havilandii,untouched
933,89,60,12.4,1.575,16,0,0,0,0,0,0,0,0,0,0,0,0,Calophyllum,soulattri,untouched
934,92,61,45,2.7,28.8210678647981,0,0,0,0,0,0,0,0,0,0,0,0,Shorea,teysmanniana,untouched
935,92,62,13.5,1.5375,11,0,0,0,0,0,0,0,1,0,0,0,0,Memecylon,sp. 1,untouched
936,91,65,14.3,4.6,8,0,0,0,0,0,0,0,0,0,0,0,0,Sandoricum,beccanarium,untouched
937,92,66,12.5,3.525,7,0,0,0,0,0,0,0,0,0,0,0,0,Shorea,teysmanniana,untouched
938,92,68,21.4,4.5625,10,0,0,0,0,0,0,0,0,0,0,0,0,Litsea,sp. 1 cf. resinosa,untouched
939,91,69,11.8,1.925,11,0,0,0,0,0,0,0,0,0,1,0,0,Palaquium,pseudorostratum,untouched
940,91,70,10.7,1.6875,9,0,0,0,0,0,0,0,0,0,0,0,0,Stemonurus,cf. scorpiodes,untouched
941,93,60,13.3,2.7125,13,0,0,0,0,0,0,0,0,0,0,0,0,Mesua,sp. 1,untouched
942,93,61,33.1,3.225,25.5,0,0,0,0,0,0,0,0,0,0,0,0,Mezzetia,parviflora (leptopoda),untouched
943,92,64,8.5,1.8,8.5,0,0,0,0,0,0,0,0,0,0,0,0,Mesua,sp. 1,untouched
944,93,66,31.1,4.375,29.2238786140263,0,0,0,0,0,0,0,0,0,0,0,0,Koompassia,malaccensis,untouched
945,96,60,23.5,3.025,24.3868239629277,0,0,0,0,0,0,0,0,0,0,0,0,Calophyllum,hosei,untouched
946,96,62,18.3,2.8125,23.9200607030162,0,0,0,0,0,0,0,0,0,0,0,0,Calophyllum,hosei,untouched
947,97,60,9,2.075,12,0,0,0,0,0,0,0,1,0,0,0,0,Memecylon,sp. 1,untouched
948,98,60,30.3,3.6,23.1096970631482,0,0,0,0,0,0,0,1,0,0,0,0,Licania,splendens,untouched
949,100,63,8.2,1.6,12,0,0,0,0,0,0,0,0,0,0,0,0,Mesua,sp. 1,untouched
950,96,64,17.7,2.125,14,0,0,0,0,0,0,0,0,0,0,0,0,Shorea,teysmanniana,untouched
951,97,65,9.9,1.9,17,0,0,0,0,0,0,0,0,0,0,0,0,Vatica,mangachapoi,untouched
952,97,68,9.5,2.225,15,0,0,0,0,0,0,0,0,0,0,0,0,Licania,splendens,untouched
953,94,71,35.3,3.975,27.0035268815161,0,0,0,0,0,0,0,0,0,0,0,0,Shorea,teysmanniana,untouched
954,98,72,33,3.7625,23.3,0,0,0,0,0,0,0,0,0,0,0,0,Campnosperma,coriaceum,untouched
955,97,73,26.1,3.775,26.5598335937318,0,0,0,0,0,0,0,0,0,0,0,0,Sandoricum,beccanarium,untouched
956,98,75,15.1,2.825,15,0,0,0,0,0,0,0,0,0,0,0,0,Shorea,teysmanniana,untouched
957,95,71,10.1,1.75,13,0,0,0,0,0,0,0,0,0,0,0,0,Neoscortechinia,kingii,untouched
958,95,74,18.7,3.8125,17,0,0,0,0,0,0,0,0,0,0,0,0,Syzygium,sp. 4,untouched
959,95,72,10.7,2.3375,11,0,0,0,0,0,0,0,0,0,0,0,0,Palaquium,cochlearifolium,untouched
960,92,76,9.1,1.2,9,0,0,0,0,0,0,0,0,0,0,0,0,Magnolia,bintulensis,untouched
961,91,77,21.5,1.625,21.6314471263677,0,0,0,0,0,0,0,0,0,0,0,0,Sandoricum,beccanarium,untouched
962,91,78,11.8,1.2,16,0,0,0,0,0,0,0,0,0,0,0,0,Diospyros,cf. evena,untouched
963,91,79,27.3,3.225,15,0,0,0,0,0,0,0,0,0,0,0,0,Litsea,sp. 1 cf. resinosa,untouched
964,90,78,16.4,1.475,18,0,0,0,0,0,0,0,0,0,0,0,0,Horsfieldia,crassifolia,untouched
965,87,72,27.4,5,23,0,0,0,0,0,0,0,0,0,0,0,0,Blumeodendron,tokbrai (elateriospermum),untouched
966,81,74,15.5,2.225,16,0,0,0,0,0,0,0,0,0,0,0,0,Litsea,cf. grandis var. rufofusca (cf. rufo-fusca),untouched
967,84,76,23,4.25,14,0,0,0,0,0,0,0,0,0,0,0,0,Elaeocarpus,mastersii,untouched
968,87,79,8,1.375,6,1,0,0,0,0,0,0,0,0,0,1,1,Madhuca,mottleyana,untouched
969,86,75,12,2.075,15,0,0,0,0,0,0,0,1,0,0,0,0,Memecylon,sp. 1,untouched
970,84,79,9.7,1.425,10,0,0,0,0,0,0,0,0,0,0,0,0,Mezzetia,umbellata,untouched
971,80,78,21.3,2.8,18,0,0,0,0,0,0,0,0,0,0,0,0,Litsea,cf. grandis var. rufofusca (cf. rufo-fusca),untouched
972,0,81,6.2,1.4575,8,0,0,0,0,0,0,0,1,0,0,0,0,Memecylon,sp. 1,untouched
973,1,81,9.1,1.46,10,0,0,0,0,0,0,0,0,0,0,0,0,Neoscortechinia,kingii,untouched
974,2,82,7.4,1.1525,11,1,0,0,0,0,0,0,0,0,0,1,1,Madhuca,mottleyana,untouched
975,1,85,16.5,2.3175,14,0,0,0,0,0,0,0,0,0,0,0,0,Tetractomia,tetrandra,untouched
976,6,85,23.7,2.575,18.3714725015518,0,0,0,0,0,0,0,0,0,0,0,0,Palaquium,ridleyii,untouched
977,8,88,16.2,2.4125,13,0,0,0,0,0,0,0,0,0,0,0,0,Neoscortechinia,kingii,untouched
978,7,89,20.2,2.7,28.5,0,0,0,0,0,0,0,0,0,0,0,0,Diospyros,areolata (bantamensis),untouched
979,2,91,10.3,1.3,6,0,0,0,0,0,0,0,0,0,0,0,0,Horsfieldia,crassifolia,untouched
980,1,93,9.9,1.95,10,0,0,0,0,0,0,0,0,0,0,0,0,Mesua,sp. 1,untouched
981,4,94,20.5,1.725,16,0,0,0,0,0,0,0,0,0,0,0,0,Neoscortechinia,kingii,untouched
982,3,95,7.8,1.025,11,1,0,0,0,0,0,0,0,0,0,1,1,Madhuca,mottleyana,untouched
983,0,96,20.1,1.725,17,0,0,0,0,0,0,0,0,0,0,0,1,Dyera,polyphylla (lowii),untouched
984,3,98,8.8,1.275,13,0,0,0,0,0,0,0,0,0,0,0,0,Neoscortechinia,kingii,untouched
985,2,98,10.3,1.5,13,0,0,0,0,0,0,0,0,0,0,0,0,Blumeodendron,tokbrai (elateriospermum),untouched
986,2,99,35,4.325,28.5,0,0,0,0,0,0,0,1,1,1,0,0,Xylopia,fusca,untouched
987,4,98,7,1.675,9,0,0,0,0,0,0,0,0,0,0,0,0,Diospyros,areolata (bantamensis),untouched
988,5,98,14.4,2.625,14,0,0,0,0,0,0,0,0,0,0,0,0,Calophyllum,soulattri,untouched
989,4,99,19.3,3.45,16,0,0,0,0,0,0,0,0,0,0,0,0,Neoscortechinia,kingii,untouched
990,11,95,28,3.6,23.1096970631482,0,0,0,0,0,0,0,0,0,0,0,0,Mesua,sp. 1,untouched
991,9,94,15.9,2.1,16,0,0,0,0,0,0,0,0,0,0,0,0,Tetractomia,tetrandra,untouched
992,7,95,14,1.825,16.5,0,0,0,0,0,0,0,0,0,0,0,0,Diospyros,sp. 1,untouched
993,8,92,10.6,1.575,10,0,0,0,0,0,1,1,1,0,2,1,0,Maasia (Polyalthia),hypoleuca,untouched
994,9,92,19.5,1.35,16.5,0,0,0,0,0,0,0,0,0,0,0,1,Dyera,polyphylla (lowii),untouched
995,10,92,7.5,1.725,10,0,0,0,0,0,0,0,0,0,0,0,0,Blumeodendron,tokbrai (elateriospermum),untouched
996,13,94,14.5,1,7.5,0,0,0,0,0,0,0,0,0,0,0,0,Syzygium,havilandii,untouched
997,15,92,25.7,3.125,20.4084849302546,1,0,0,0,0,0,0,0,0,0,1,1,Madhuca,mottleyana,untouched
998,14,98,10.4,1.525,14,0,0,1,1,0,0,0,0,0,0,0,0,Combretocarpus,rotundatus,untouched
999,15,98,10.2,1.925,7,0,0,0,0,0,0,0,0,0,0,0,0,Diospyros,areolata (bantamensis),untouched
1000,13,99,14.4,2.45,15,0,0,0,0,0,0,0,0,0,0,0,0,Xylopia,cf. malayana,untouched
1001,17,99,23.3,2.8,17,0,0,0,0,0,0,0,0,0,0,0,0,Gymnacranthera,farquhariania,untouched
1002,18,99,16.5,2.75,15,0,0,0,0,0,0,0,0,0,0,0,0,Calophyllum,sclerophyllum,untouched
1003,18,98,8.1,1.75,9,0,0,0,0,0,0,0,0,0,0,0,0,Neoscortechinia,kingii,untouched
1004,19,99,39.2,3.725,26.6779073257169,0,0,0,0,0,0,0,0,0,0,0,0,Shorea,teysmanniana,untouched
1005,15,91,6.9,0.95,6,0,0,0,0,0,0,0,0,0,0,0,0,Calophyllum,hosei,untouched
1006,16,92,10.1,1.5,8,0,0,0,0,0,0,0,0,0,0,0,0,Gymnacranthera,farquhariania,untouched
1007,18,89,8.3,1.35,7,0,0,0,0,0,0,0,0,0,0,0,0,Gonystylus,bancanus,untouched
1008,18,88,17.5,2.725,14,0,0,0,0,0,0,0,0,0,0,0,0,Mesua,sp. 1,untouched
1009,19,87,8,1.4,8,0,0,0,0,0,0,0,0,0,0,0,0,Gymnacranthera,farquhariania,untouched
1010,18,87,16.9,1.6,16,0,0,0,0,0,0,0,0,0,0,0,0,Syzygium,sp. 4,untouched
1011,16,88,7.5,0.625,5,0,0,0,0,0,0,0,0,0,0,0,0,Stemonurus,cf. scorpiodes,untouched
1012,15,86,13.8,2.125,9,0,0,0,0,0,0,0,0,0,0,0,0,Horsfieldia,crassifolia,untouched
1013,10,84,7.8,1.55,8,0,0,0,0,0,0,0,0,0,0,0,0,Mesua,sp. 1,untouched
1014,10,83,13,2.625,15,0,0,0,0,0,0,0,0,0,0,0,0,Neoscortechinia,kingii,untouched
1015,18,83,7.3,0.825,9,0,0,0,0,0,1,1,1,0,1,0,0,Syzygium,sp. 1 cf. garcinifolia,untouched
1016,17,82,11.6,0.9,15,0,0,0,0,0,0,0,0,0,0,0,0,Sandoricum,beccanarium,untouched
1017,17,81,6.5,1.225,8,0,0,0,0,0,0,0,0,0,0,0,0,Syzygium,sp. 4,untouched
1018,16,80,10.1,1.55,12,0,0,0,0,0,0,0,0,0,0,0,0,Tetractomia,tetrandra,untouched
1019,24,80,9.4,1.875,13,1,0,0,0,0,0,0,0,0,0,1,1,Madhuca,mottleyana,untouched
1020,23,83,36.6,4.5,24.594010767585,0,0,0,0,0,0,0,1,1,1,0,0,Xylopia,fusca,untouched
1021,24,85,16,3.025,13,0,0,0,0,0,0,0,0,0,0,0,0,Garcinia,sp. 1,untouched
1022,25,87,8.4,0.8,4.5,0,0,0,0,0,0,0,0,0,0,0,0,Shorea,teysmanniana,untouched
1023,23,89,38.5,5.7,30.4948487861359,0,0,0,0,0,0,0,0,0,0,0,0,Koompassia,malaccensis,untouched
1024,24,90,7,1.175,7,0,0,0,0,0,0,0,0,0,0,0,0,Syzygium,havilandii,untouched
1025,20,89,20.4,2.625,14,0,0,0,0,0,0,0,0,0,0,0,0,Palaquium,ridleyii,untouched
1026,21,94,7.8,2.1,7,0,0,0,0,0,0,0,0,0,0,0,0,Elaeocarpus,mastersii,untouched
1027,23,94,6.6,0.55,5,0,0,0,0,0,0,0,0,0,0,0,0,Nephelium,lappaceum,untouched
1028,23,96,28.2,2.75,24.1556900417866,0,0,0,0,0,0,0,0,0,0,0,0,Mezzetia,parviflora (leptopoda),untouched
1029,21,98,6.9,1.8,5.5,0,0,0,0,0,0,0,0,0,0,0,0,Litsea,sp. 1 cf. resinosa,untouched
1030,22,96,7,1.125,9,0,0,0,0,0,0,0,0,0,0,0,0,Litsea,sp. 1 cf. resinosa,untouched
1031,23,97,12.2,2.15,16,0,0,0,0,0,0,0,0,0,0,0,0,Litsea,cf. grandis var. rufofusca (cf. rufo-fusca),untouched
1032,24,97,18.4,2.675,18,0,0,0,0,0,0,0,0,0,0,0,0,Palaquium,ridleyii,untouched
1033,24,99,11.2,2.025,10,0,0,0,0,0,0,0,0,0,0,0,0,Calophyllum,hosei,untouched
1034,25,99,8.4,3.025,6.5,0,0,0,0,0,0,0,0,0,0,0,0,Tetractomia,tetrandra,untouched
1035,25,97,7.8,1.575,11,0,0,0,0,0,0,0,0,0,0,0,0,Tristaniopsis,sp. 2,untouched
1036,30,96,6.7,1.625,7,0,0,0,0,0,0,0,0,0,1,1,0,Maasia (Polyalthia),hypoleuca,untouched
1037,33,95,7.3,0.95,12,0,0,0,0,0,0,0,0,0,0,0,0,Isonandra,lanceolata,untouched
1038,32,92,13.3,1.675,13,0,0,0,0,0,0,0,0,0,0,0,0,Syzygium,sp. 4,untouched
1039,32,91,66.2,5.95,28.4237881585548,0,0,0,0,0,0,0,0,0,1,0,0,Diospyros,areolata (bantamensis),untouched
1040,30,90,25.2,2.725,18,0,0,0,0,0,0,0,0,0,0,0,0,Shorea,teysmanniana,untouched
1041,29,88,9,2.175,7,0,0,0,0,0,0,0,0,0,0,0,0,Syzygium,sp. 4,untouched
1042,30,87,12,2.75,12,0,0,0,0,0,0,0,0,0,0,0,0,Elaeocarpus,mastersii,untouched
1043,31,86,17,2.15,13,0,0,0,0,0,0,0,0,0,0,0,0,Shorea,teysmanniana,untouched
1044,32,90,7.2,1.55,8,0,0,0,0,0,0,0,0,0,0,0,0,Nephelium,maingayi,untouched
1045,33,90,12.6,2.325,11,0,0,0,0,0,0,0,0,0,0,0,0,Neoscortechinia,kingii,untouched
1046,35,99,11.7,1.725,9,0,0,0,0,0,0,0,0,0,0,0,0,Syzygium,havilandii,untouched
1047,37,99,8.3,1.6,10.5,0,0,0,0,0,0,0,0,0,0,0,0,Gonystylus,bancanus,untouched
1048,38,99,6.2,1.075,7,0,0,0,0,0,0,0,0,0,0,0,0,Mesua,sp. 1,untouched
1049,39,98,10.5,5.75,12,1,0,0,0,0,0,0,0,0,0,1,1,Madhuca,mottleyana,untouched
1050,39,96,22.7,2.55,19,1,0,0,0,0,0,0,0,0,0,1,1,Litsea,cf. grandis var. rufofusca (cf. rufo-fusca),untouched
1051,36,95,36.9,3.975,17,0,0,0,0,0,0,0,0,0,0,0,0,Isonandra,lanceolata,untouched
1052,38,90,16,2.875,17,0,0,0,0,0,0,0,0,0,0,0,0,Xylopia,coriifolia,untouched
1053,39,89,19,1.775,19,0,0,0,0,0,0,0,0,0,0,0,0,Campnosperma,coriaceum,untouched
1054,39,88,28.2,3.825,20,0,0,0,0,0,0,0,0,0,0,0,0,Neoscortechinia,kingii,untouched
1055,39,87,17.3,2.6,18.5,1,0,0,0,0,0,0,0,0,0,1,1,Madhuca,mottleyana,untouched
1056,39,85,23,2.575,17,0,0,0,0,0,0,0,0,0,0,0,0,Shorea,teysmanniana,untouched
1057,35,88,22.8,3.575,20,0,0,0,0,0,0,0,0,0,0,0,0,Litsea,cf. elliptica,untouched
1058,30,86,28.5,4.525,20,0,0,0,0,0,0,0,1,1,1,0,0,Xylopia,fusca,untouched
1059,30,84,8.1,0.75,4,0,0,0,0,0,0,0,0,0,0,0,0,Horsfieldia,crassifolia,untouched
1060,35,80,14.3,3.225,14,0,0,0,0,0,0,0,0,0,0,0,0,Calophyllum,sclerophyllum,untouched
1061,43,80,8.9,1.7,8,0,0,0,0,0,0,0,0,0,0,0,0,Lithocarpus,conocarpus,untouched
1062,43,82,21.8,2.825,14,0,0,0,0,0,0,0,0,0,0,0,0,Elaeocarpus,mastersii,untouched
1063,43,86,14,1.5,11,0,0,0,0,0,0,0,0,0,0,0,0,Elaeocarpus,mastersii,untouched
1064,43,87,10.6,2.85,11,0,0,0,0,0,0,0,0,0,0,0,0,Litsea,sp. 1 cf. resinosa,untouched
1065,42,90,14.8,2.5,11,0,0,0,0,0,0,0,0,0,0,0,0,Nephelium,maingayi,untouched
1066,43,93,19.4,2.825,15,0,0,0,0,0,0,0,0,0,0,0,0,Syzygium,sp. 4,untouched
1067,42,94,11.5,3.225,12,0,0,0,0,0,0,0,0,0,0,0,0,Elaeocarpus,mastersii,untouched
1068,43,94,14.8,1.825,15,0,0,0,0,0,0,0,0,0,0,0,0,Drepananthus (Cyathocalyx),biovulatus,untouched
1069,40,96,13.6,2.2,15,0,0,0,0,0,0,0,0,0,0,0,0,Palaquium,ridleyii,untouched
1070,43,98,17,2.325,16.5,1,0,0,0,0,0,0,0,0,0,1,1,Madhuca,mottleyana,untouched
1071,41,98,16.4,3.1,14,0,0,0,0,0,0,0,0,0,0,0,0,Mezzetia,parviflora (leptopoda),untouched
1072,43,99,9.1,2.025,9,0,0,0,0,0,1,1,1,0,1,0,0,Syzygium,sp. 1 cf. garcinifolia,untouched
1073,44,99,17.9,2.85,13,1,0,0,0,0,0,0,0,0,0,1,1,Madhuca,mottleyana,untouched
1074,49,98,21,4.375,19.2177866366156,0,0,0,0,0,0,0,0,0,0,0,0,Calophyllum,hosei,untouched
1075,49,99,8.9,3.55,10,0,0,0,0,0,0,0,0,0,0,0,0,Lithocarpus,conocarpus,untouched
1076,50,98,8.2,1.65,11,0,0,0,0,0,0,0,0,0,0,0,0,Syzygium,havilandii,untouched
1077,48,97,7.5,1.05,9,0,0,0,0,0,0,0,0,0,0,0,0,Syzygium,sp. 4,untouched
1078,49,95,17.8,1.975,15,0,0,0,0,0,0,0,0,0,0,0,0,Lithocarpus,conocarpus,untouched
1079,48,96,7.3,1.425,13,0,0,0,0,0,0,0,0,0,0,0,0,Syzygium,sp. 4,untouched
1080,48,94,6,1.1,8,0,0,0,0,0,0,0,0,0,0,0,0,Neoscortechinia,kingii,untouched
1081,51,92,10.4,1.5,15,0,0,0,0,0,0,0,0,0,0,0,0,Syzygium,sp. 4,untouched
1082,50,90,10.8,2.05,11,0,0,0,0,0,0,0,0,0,0,0,0,Nephelium,lappaceum,untouched
1083,52,98,10.4,1.975,11,0,0,0,0,0,0,0,0,0,0,0,0,Tetractomia,tetrandra,untouched
1084,51,97,7,1.4,7,0,0,0,0,0,0,0,0,0,0,0,0,Tetractomia,tetrandra,untouched
1085,53,98,9.8,1.475,13,0,0,0,0,0,0,0,0,0,0,0,0,Neoscortechinia,kingii,untouched
1086,53,97,7.8,1.35,11,0,0,0,0,0,0,0,0,0,0,0,0,Nephelium,maingayi,untouched
1087,58,99,14,2.175,15,0,0,0,0,0,0,0,0,0,0,0,0,Nephelium,maingayi,untouched
1088,58,98,11.5,1.65,14,0,0,0,0,0,0,0,0,0,0,0,0,Memecylon,sp. 3,untouched
1089,59,99,14.6,1.675,15,0,0,0,0,0,0,0,0,0,0,0,0,Syzygium,sp. 4,untouched
1090,58,96,9.2,1.675,10,0,0,0,0,0,0,0,0,0,0,0,0,Ternstroemia,magnifica,untouched
1091,56,95,7.5,1.025,7.5,0,0,0,0,0,0,0,0,0,0,0,0,Dialium,patens,untouched
1092,54,94,13.4,1.625,14,0,0,0,0,0,0,0,0,0,1,0,0,Palaquium,pseudorostratum,untouched
1093,53,94,12.6,1.95,14,0,0,0,0,0,0,0,0,0,0,0,0,Palaquium,ridleyii,untouched
1094,59,95,16.1,2.55,26,0,0,0,0,0,0,0,0,0,1,0,0,Palaquium,pseudorostratum,untouched
1095,56,91,17.2,1.925,15,0,0,0,0,0,0,0,0,0,0,0,0,Shorea,teysmanniana,untouched
1096,58,90,7.3,1.3,8,0,0,0,0,0,0,0,0,0,0,0,0,Tetractomia,tetrandra,untouched
1097,57,88,16.5,1.975,16.5,0,0,0,0,0,0,0,0,0,0,0,0,Campnosperma,coriaceum,untouched
1098,52,89,8,0.875,9,0,0,0,0,0,0,0,0,0,0,0,0,Nephelium,maingayi,untouched
1099,52,88,13,1.925,16,0,0,0,0,0,0,0,0,0,0,0,0,Syzygium,cf. valevenosum,untouched
1100,53,88,18,2,14,0,0,0,0,0,0,0,1,0,0,0,0,Memecylon,sp. 1,untouched
1101,52,87,15.1,2.275,14,0,0,0,0,0,0,0,0,0,0,0,0,Elaeocarpus,mastersii,untouched
1102,52,84,6.4,0.75,7,0,0,0,0,0,0,0,0,0,0,0,0,Mezzetia,parviflora (leptopoda),untouched
1103,52,86,8.6,1.725,9,0,0,0,0,0,0,0,0,0,0,0,0,Tetractomia,tetrandra,untouched
1104,52,85,12,2.45,14,0,0,0,0,0,0,0,0,0,0,0,0,Tristaniopsis,sp. 2,untouched
1105,53,86,13,1.425,15,0,0,0,0,0,0,0,0,0,0,0,1,Dyera,polyphylla (lowii),untouched
1106,54,86,11.2,2.15,12,0,0,0,0,0,0,0,0,0,0,0,0,Elaeocarpus,mastersii,untouched
1107,55,85,18,2.15,16,1,0,0,0,0,0,0,0,0,0,1,1,Madhuca,mottleyana,untouched
1108,58,85,9.5,1.5,12,0,0,0,0,0,0,0,0,0,0,0,0,Syzygium,sp. 4,untouched
1109,59,85,16.4,2.7,14,0,0,0,0,0,0,0,0,0,0,0,0,Nephelium,maingayi,untouched
1110,57,84,6.8,1.025,9,1,0,0,0,0,0,0,0,0,1,1,0,Parartocarpus,venenosus,untouched
1111,58,83,16.2,2,13,0,0,0,0,0,0,0,0,0,0,0,0,Syzygium,sp. 4,untouched
1112,57,83,12.6,1.825,13,0,0,0,0,0,0,0,0,0,0,0,0,Sandoricum,beccanarium,untouched
1113,56,83,14.3,2.4,13,0,0,0,0,0,0,0,0,0,0,0,0,Myristica,lowiana,untouched
1114,57,81,6.1,1.275,8,0,0,0,0,0,0,0,0,0,0,0,0,Syzygium,sp. 4,untouched
1115,54,81,11.1,2.55,11,1,0,0,0,0,0,0,0,0,0,1,1,Nephelium,maingayi,untouched
1116,53,82,6.2,1.525,10,0,0,0,0,0,0,0,0,0,1,1,0,Maasia (Polyalthia),hypoleuca,untouched
1117,53,83,20.4,3.125,14,0,0,0,0,0,0,0,0,0,0,0,0,Elaeocarpus,mastersii,untouched
1118,62,81,13,2.025,14,0,0,0,0,0,0,0,0,0,0,0,0,Syzygium,sp. 5 cf. zeylanicum,untouched
1119,63,82,6.6,2.3,9,0,0,0,0,0,0,0,0,0,0,0,0,Tetractomia,tetrandra,untouched
1120,61,84,14.3,3.8,9,0,0,0,0,0,1,1,0,0,1,0,0,Tetramerista,glabra,untouched
1121,63,83,6.6,1.7,8,0,0,0,0,0,0,0,0,0,0,0,0,Stemonurus,cf. scorpiodes,untouched
1122,61,85,6.7,2.025,7,0,0,0,0,0,0,0,0,0,0,0,0,Tetractomia,tetrandra,untouched
1123,62,85,14.9,2.125,14,0,0,0,0,0,0,0,0,0,0,0,0,Shorea,teysmanniana,untouched
1124,65,85,21.9,3.15,16,0,0,0,0,0,0,0,0,0,0,0,0,Litsea,cf. grandis var. rufofusca (cf. rufo-fusca),untouched
1125,66,85,12,2.2,10,0,0,0,0,0,0,0,0,0,0,0,0,Ilex,hypoglauca,untouched
1126,65,84,17.2,2.85,16,0,0,0,0,0,0,0,0,0,0,0,0,Mezzetia,parviflora (leptopoda),untouched
1127,67,84,7.6,1.7,9,0,0,0,0,0,0,0,0,0,0,0,0,Mesua,sp. 1,untouched
1128,68,82,10.2,1.25,14,0,0,0,0,0,0,0,0,0,0,0,0,Gymnacranthera,farquhariania,untouched
1129,67,82,13,1.875,11,0,0,0,0,0,0,0,0,0,0,0,0,Calophyllum,sclerophyllum,untouched
1130,63,87,6,0.85,8,0,0,0,0,0,0,0,0,0,0,0,0,Ternstroemia,magnifica,untouched
1131,65,88,18.5,2.6,16,0,0,0,0,0,0,0,0,0,0,0,0,Tristaniopsis,sp. 4,untouched
1132,67,92,12.8,2.225,10,0,0,0,0,0,0,0,0,0,0,0,0,Tetractomia,tetrandra,untouched
1133,66,93,6.6,1.125,7,0,0,0,0,0,0,0,0,0,0,0,0,Ilex,hypoglauca,untouched
1134,65,93,6.2,1.6,8,0,0,0,0,0,0,0,0,0,0,0,0,Syzygium,havilandii,untouched
1135,67,96,11.8,2.75,13,0,0,0,0,0,0,0,0,0,0,1,0,Santiria,sp. 1,untouched
1136,68,98,20.9,4.325,14,0,0,0,0,0,0,0,0,0,0,0,0,Litsea,sp. 1 cf. resinosa,untouched
1137,70,97,37.2,4.4,31.1,0,0,0,0,0,0,0,0,0,0,0,0,Diospyros,areolata (bantamensis),untouched
1138,71,97,15.6,3.7,15,0,0,0,0,0,0,0,0,0,0,0,0,Elaeocarpus,mastersii,untouched
1139,72,90,36.3,3.075,23.5,0,0,0,0,0,0,0,0,0,0,0,0,Diospyros,areolata (bantamensis),untouched
1140,70,88,10.7,1.575,14,1,0,0,0,0,0,0,0,0,0,1,1,Madhuca,mottleyana,untouched
1141,72,97,27,3.975,22.477490779432,0,0,0,0,0,0,0,0,0,0,0,0,Litsea,cf. grandis var. rufofusca (cf. rufo-fusca),untouched
1142,74,95,24,3.375,25.110091154425,0,0,0,0,0,0,0,0,0,0,0,0,Xylopia,coriifolia,untouched
1143,71,96,24.7,3.675,24.2802223207354,0,0,0,0,0,0,0,0,0,0,0,0,Shorea,teysmanniana,untouched
1144,72,94,26.6,3.7,20.8758835373666,0,0,0,0,0,0,0,0,0,0,0,0,Campnosperma,coriaceum,untouched
1145,76,98,7.7,1.175,9,0,0,0,0,0,0,0,0,0,0,0,0,Vatica,mangachapoi,untouched
1146,75,93,6,1.1,7,0,0,0,0,0,0,0,0,0,0,0,0,Xerospermum,laevigatum / noronhianum,untouched
1147,74,92,7.7,2.25,7,0,0,0,0,0,0,0,0,0,0,0,0,Diospyros,sp. 1,untouched
1148,72,93,10.7,1.9,9,0,0,0,0,0,0,0,0,0,0,0,0,Shorea,teysmanniana,untouched
1149,71,90,13.1,2.875,14,0,0,0,0,0,0,0,0,0,0,0,0,Lithocarpus,conocarpus,untouched
1150,73,88,21.3,3.875,17,0,0,0,0,0,0,0,0,0,0,0,0,Shorea,teysmanniana,untouched
1151,74,88,19.1,2.575,17,0,0,0,0,0,0,0,0,0,0,0,0,Palaquium,ridleyii,untouched
1152,75,88,8.1,1.85,8,0,0,0,0,0,0,0,0,0,0,0,0,Nephelium,lappaceum,untouched
1153,76,87,18.2,4.1,14,0,0,0,0,0,0,0,0,0,0,0,0,Mezzetia,parviflora (leptopoda),untouched
1154,76,84,7.8,1.5,8,0,0,0,0,0,0,0,0,0,0,0,0,Tetractomia,tetrandra,untouched
1155,77,84,18.1,2.325,16,0,0,0,0,0,0,0,0,0,0,0,0,Neoscortechinia,kingii,untouched
1156,76,83,15,2.5,14,0,0,0,0,0,0,0,0,0,0,0,0,Litsea,sp. 1 cf. resinosa,untouched
1157,76,82,16.3,2.75,11,0,0,0,0,0,0,0,0,0,0,0,0,Shorea,teysmanniana,untouched
1158,76,81,7,2,7,0,0,0,0,0,0,0,0,0,0,0,0,Tetractomia,tetrandra,untouched
1159,74,81,18.1,2.4,16,0,0,0,0,0,0,0,0,0,0,0,0,Palaquium,cochlearifolium,untouched
1160,74,80,14.7,2.325,16,0,0,0,0,0,0,0,0,0,0,0,0,Litsea,cf. grandis var. rufofusca (cf. rufo-fusca),untouched
1161,73,81,15.7,2.55,16,1,0,0,0,0,0,0,0,0,0,1,1,Nephelium,lappaceum,untouched
1162,73,83,8.4,1.4,9,0,0,0,0,0,0,0,0,0,0,0,0,Calophyllum,hosei,untouched
1163,84,80,31.8,4.025,23.8674547778763,0,0,0,0,0,0,0,1,1,1,0,0,Xylopia,fusca,untouched
1164,83,81,7.2,1.35,10,0,0,0,0,0,0,0,0,0,0,0,0,Syzygium,sp. 4,untouched
1165,82,84,7.3,2.35,7,0,0,0,0,0,0,0,0,0,0,0,0,Tetractomia,tetrandra,untouched
1166,84,85,6.8,1.325,7,0,0,0,0,0,0,0,0,0,0,0,0,Tetractomia,tetrandra,untouched
1167,86,84,10.4,3,8,0,0,0,0,0,0,0,0,0,0,0,0,Lithocarpus,conocarpus,untouched
1168,87,87,8.9,1.8,8,0,0,0,0,0,0,0,0,0,0,0,0,Calophyllum,sclerophyllum,untouched
1169,88,81,14.2,2.275,14,0,0,0,0,0,0,0,0,0,0,0,0,Shorea,teysmanniana,untouched
1170,82,88,33.8,2.925,22.7975250764976,0,0,0,0,0,0,0,0,0,0,0,0,Shorea,teysmanniana,untouched
1171,82,90,37.5,3.075,22.477490779432,1,0,0,0,0,0,0,0,0,0,1,1,Madhuca,mottleyana,untouched
1172,89,81,13,2.15,13,0,0,0,0,0,1,1,1,0,1,0,0,Syzygium,sp. 1 cf. garcinifolia,untouched
1173,81,90,23.4,4,16,0,0,0,0,0,0,0,0,0,0,0,0,Litsea,sp. 1 cf. resinosa,untouched
1174,80,92,7.3,1.425,7,0,0,0,0,0,0,0,0,0,0,0,0,Stemonurus,cf. scorpiodes,untouched
1175,81,93,10.8,2.9,11,0,0,0,0,0,0,0,0,0,1,1,0,Maasia (Polyalthia),hypoleuca,untouched
1176,82,94,28,2.425,18,0,0,0,0,0,0,0,0,0,0,0,1,Dyera,polyphylla (lowii),untouched
1177,80,97,7.5,1.075,6,0,0,0,0,0,0,0,0,0,0,0,0,Stemonurus,cf. scorpiodes,untouched
1178,83,100,31.8,4.325,30.0629601348423,0,0,0,0,0,0,0,1,1,1,0,0,Xylopia,fusca,untouched
1179,83,99,20.3,2.45,15,0,0,0,0,0,0,0,0,0,0,0,0,Campnosperma,coriaceum,untouched
1180,84,97,7.5,1.25,9,1,0,0,0,0,0,0,0,0,0,1,1,Madhuca,mottleyana,untouched
1181,85,98,12.5,3.2,9,1,0,0,0,0,0,0,0,0,1,1,0,Garcinia,bancana,untouched
1182,89,97,10.6,2.225,10,0,0,0,0,0,0,0,1,0,0,0,0,Memecylon,sp. 1,untouched
1183,92,98,18.5,2.05,17,0,0,0,0,0,0,0,0,0,0,0,0,Calophyllum,hosei,untouched
1184,90,97,6.8,0.8,7,0,0,0,0,0,0,0,0,0,0,0,0,Mezzetia,umbellata,untouched
1185,90,93,11.5,1.4,12,0,0,0,0,0,0,0,0,0,0,0,0,Horsfieldia,crassifolia,untouched
1186,95,99,7.2,1.625,7,0,0,0,0,0,1,1,0,0,1,0,0,Tetramerista,glabra,untouched
1187,91,96,6.8,1.425,8,0,0,0,0,0,0,0,0,0,0,0,0,Gonystylus,bancanus,untouched
1188,95,97,7,0.95,6,0,0,0,0,0,0,0,0,0,0,0,0,Ardisia,sp. 2,untouched
1189,94,97,9.1,2.1,10,0,0,0,0,0,0,0,0,0,0,0,0,Neoscortechinia,kingii,untouched
1190,94,95,17.7,3.525,14,0,0,0,0,0,0,0,0,0,0,0,0,Shorea,teysmanniana,untouched
1191,95,95,8.1,1.2,8,0,0,0,0,0,0,0,0,0,0,0,0,Neoscortechinia,kingii,untouched
1192,98,97,20.9,3,14,0,0,0,0,0,0,0,0,0,0,0,0,Litsea,cf. elliptica,untouched
1193,99,97,6.9,1.825,7,0,0,0,0,0,0,0,0,0,0,0,0,Xerospermum,laevigatum / noronhianum,untouched
1194,94,93,18.5,2.375,18,0,0,0,0,0,0,0,0,0,0,0,0,Palaquium,ridleyii,untouched
1195,93,93,15.9,2.05,13,0,0,0,0,0,0,0,0,0,0,0,0,Maasia (Polyalthia),glauca,untouched
1196,99,93,19.1,2.45,15,0,0,0,0,0,0,0,0,0,0,0,0,Campnosperma,coriaceum,untouched
1197,98,92,24,2.275,15,0,0,0,0,0,0,0,0,0,0,1,0,Santiria,sp. 1,untouched
1198,97,91,8,1.425,9,0,0,0,0,0,0,0,0,0,0,0,0,Syzygium,sp. 5 cf. zeylanicum,untouched
1199,97,84,15.6,3.175,13,0,0,0,0,0,0,0,0,0,0,0,0,Elaeocarpus,mastersii,untouched
1200,96,85,6.6,1.475,8,0,0,0,0,0,0,0,0,0,0,0,0,Stemonurus,cf. scorpiodes,untouched
1201,94,87,18.5,3.825,15,0,0,0,0,0,0,0,0,0,0,0,0,Litsea,sp. 1 cf. resinosa,untouched
1202,93,87,28,4.525,21.3388211354566,0,0,0,0,0,0,0,0,0,0,0,0,Campnosperma,coriaceum,untouched
1203,94,80,11.6,1.6,12,0,0,0,0,0,0,0,0,0,0,0,0,Syzygium,sp. 4,untouched
1204,92,86,7.8,1.425,8,1,0,0,0,0,0,0,0,0,1,1,0,Garcinia,bancana,untouched
1205,95,80,11,1.8,8,0,0,0,0,0,0,0,0,0,0,0,0,Syzygium,sp. 5 cf. zeylanicum,untouched
